{"type":"FeatureCollection","name":"provincias-ar","metadata":{"source":"Trase Atlas TopoJSON (@trase/trase-atlas@1.1.1, files/argentina.json, level2), upstream: IGN 2019 Capas SIG","crs":"WGS84 lon/lat (EPSG:4326 coordinates)","names":"normalized to Georef/INDEC spelling; indec = two-digit INDEC/Georef province id","coordinate_precision":5},"features":[{"type":"Feature","properties":{"provincia":"Ciudad Autónoma de Buenos Aires","indec":"02","source_name":"Ciudad Autónoma De Buenos Aires"},"geometry":{"type":"MultiPolygon","coordinates":[[[[-58.37388,-34.57859],[-58.36172,-34.58125],[-58.35555,-34.59523],[-58.3414,-34.60987],[-58.34519,-34.61886],[-58.3418,-34.63117],[-58.37408,-34.65713],[-58.39181,-34.66245],[-58.40257,-34.66012],[-58.42389,-34.66212],[-58.44701,-34.68874],[-58.46175,-34.70505],[-58.5026,-34.67443],[-58.5293,-34.6548],[-58.5303,-34.63483],[-58.5293,-34.6112],[-58.52292,-34.59756],[-58.51555,-34.58125],[-58.50997,-34.56927],[-58.50081,-34.54964],[-58.4761,-34.53833],[-58.45956,-34.52768],[-58.44262,-34.537],[-58.42569,-34.5523],[-58.39899,-34.56362],[-58.39261,-34.57227],[-58.37388,-34.57859]]]]}},{"type":"Feature","properties":{"provincia":"Buenos Aires","indec":"06","source_name":"Buenos Aires"},"geometry":{"type":"MultiPolygon","coordinates":[[[[-56.79019,-37.03412],[-56.81111,-37.05874],[-56.83721,-37.09767],[-56.86611,-37.13128],[-56.88503,-37.16024],[-56.90914,-37.18919],[-56.95179,-37.24376],[-56.98984,-37.28869],[-57.01575,-37.32629],[-57.03767,-37.36256],[-57.06257,-37.40848],[-57.08828,-37.44675],[-57.12554,-37.49267],[-57.18771,-37.54991],[-57.22258,-37.57687],[-57.25685,-37.61147],[-57.29451,-37.64275],[-57.31164,-37.6544],[-57.36604,-37.69666],[-57.41147,-37.73493],[-57.41825,-37.74591],[-57.4573,-37.78684],[-57.49018,-37.82644],[-57.50373,-37.84641],[-57.51967,-37.88934],[-57.52724,-37.92661],[-57.54139,-37.96854],[-57.54418,-37.99017],[-57.53999,-38.00348],[-57.52405,-38.01679],[-57.54059,-38.04641],[-57.53401,-38.05373],[-57.54119,-38.06837],[-57.53581,-38.08235],[-57.54736,-38.10165],[-57.57008,-38.10697],[-57.58961,-38.11662],[-57.60535,-38.1306],[-57.61611,-38.15123],[-57.63862,-38.17286],[-57.66393,-38.19216],[-57.70577,-38.21712],[-57.77671,-38.2454],[-57.82015,-38.26703],[-57.83549,-38.286],[-57.8604,-38.29931],[-57.90304,-38.31262],[-57.95703,-38.33159],[-58.02179,-38.36487],[-58.05626,-38.38018],[-58.12461,-38.40647],[-58.23799,-38.44573],[-58.28162,-38.46603],[-58.32984,-38.48267],[-58.3695,-38.49265],[-58.43784,-38.51428],[-58.49901,-38.53791],[-58.53289,-38.54623],[-58.56915,-38.55155],[-58.61936,-38.56187],[-58.6909,-38.57518],[-58.69667,-38.57984],[-58.73374,-38.58683],[-58.80387,-38.61045],[-58.83157,-38.6231],[-58.92183,-38.64606],[-58.94495,-38.65738],[-59.00413,-38.67135],[-59.01987,-38.67901],[-59.08184,-38.69132],[-59.11133,-38.7003],[-59.18286,-38.71162],[-59.23666,-38.71628],[-59.3327,-38.73658],[-59.3871,-38.74689],[-59.39228,-38.75188],[-59.4395,-38.75654],[-59.46919,-38.7632],[-59.4945,-38.76453],[-59.54073,-38.77351],[-59.56444,-38.77551],[-59.6272,-38.78583],[-59.68658,-38.79647],[-59.72823,-38.80612],[-59.7888,-38.82642],[-59.8436,-38.83175],[-59.85396,-38.83741],[-59.9751,-38.85038],[-60.04225,-38.85904],[-60.11658,-38.86569],[-60.16021,-38.87501],[-60.18333,-38.87634],[-60.26562,-38.88832],[-60.42263,-38.91893],[-60.49736,-38.92892],[-60.68246,-38.94822],[-60.76237,-38.9612],[-60.8058,-38.96918],[-60.83789,-38.97783],[-60.86219,-38.9805],[-60.91978,-38.9815],[-60.95883,-38.97983],[-61.01801,-38.98183],[-61.06404,-38.98715],[-61.11007,-38.9958],[-61.14414,-39.00013],[-61.17642,-39.00013],[-61.23321,-38.99381],[-61.29956,-38.98948],[-61.38066,-38.98848],[-61.45578,-38.99547],[-61.54843,-39.00446],[-61.61279,-39.00379],[-61.67038,-38.98948],[-61.69489,-38.96752],[-61.73155,-38.96852],[-61.76144,-38.9785],[-61.79332,-38.99314],[-61.80966,-38.99314],[-61.84931,-38.9795],[-61.86824,-38.96885],[-61.89135,-38.96885],[-61.96827,-38.94822],[-61.9864,-38.94722],[-62.04538,-38.93058],[-62.07308,-38.9206],[-62.07666,-38.90463],[-62.10575,-38.89697],[-62.11093,-38.878],[-62.10555,-38.86935],[-62.12628,-38.84173],[-62.16593,-38.81211],[-62.18207,-38.81711],[-62.18864,-38.80513],[-62.20698,-38.80047],[-62.22411,-38.80812],[-62.25898,-38.78915],[-62.27891,-38.79015],[-62.30043,-38.78483],[-62.30382,-38.75854],[-62.31198,-38.73791],[-62.32793,-38.72593],[-62.35283,-38.71761],[-62.36658,-38.71994],[-62.37316,-38.74157],[-62.42855,-38.73491],[-62.44549,-38.73724],[-62.47059,-38.74257],[-62.47896,-38.75022],[-62.49769,-38.73791],[-62.51044,-38.76353],[-62.49132,-38.76852],[-62.48853,-38.78949],[-62.47039,-38.79015],[-62.46262,-38.77751],[-62.43194,-38.7835],[-62.42078,-38.77318],[-62.39209,-38.77884],[-62.37196,-38.79082],[-62.37316,-38.77185],[-62.361,-38.76852],[-62.34207,-38.77717],[-62.35303,-38.79148],[-62.32274,-38.79048],[-62.31119,-38.80047],[-62.32633,-38.81078],[-62.3614,-38.81311],[-62.37933,-38.80113],[-62.39687,-38.80612],[-62.40384,-38.8201],[-62.3616,-38.82942],[-62.33849,-38.8434],[-62.33749,-38.85438],[-62.34785,-38.87002],[-62.33769,-38.88433],[-62.32255,-38.89431],[-62.32733,-38.91095],[-62.34227,-38.9389],[-62.34526,-38.95221],[-62.32235,-38.97151],[-62.31617,-39.00379],[-62.30441,-39.01511],[-62.30641,-39.05271],[-62.32773,-39.07401],[-62.3351,-39.07634],[-62.35164,-39.10529],[-62.34666,-39.12525],[-62.3347,-39.12958],[-62.34227,-39.16286],[-62.33091,-39.16951],[-62.33111,-39.18016],[-62.3066,-39.21277],[-62.28489,-39.22874],[-62.26038,-39.23107],[-62.24743,-39.24405],[-62.28608,-39.2567],[-62.308,-39.24805],[-62.31557,-39.25703],[-62.30401,-39.27067],[-62.27951,-39.26568],[-62.23846,-39.27433],[-62.21654,-39.27467],[-62.15617,-39.29131],[-62.13026,-39.29264],[-62.10436,-39.30195],[-62.06012,-39.32159],[-62.04538,-39.34388],[-62.02187,-39.35453],[-62.00931,-39.36685],[-62.01091,-39.38182],[-62.03063,-39.39247],[-62.04917,-39.38881],[-62.07148,-39.39147],[-62.08981,-39.38848],[-62.11592,-39.37117],[-62.16175,-39.33357],[-62.17111,-39.31626],[-62.18864,-39.29763],[-62.19701,-39.30695],[-62.23208,-39.29696],[-62.24284,-39.30162],[-62.26596,-39.29963],[-62.25819,-39.32691],[-62.27592,-39.32758],[-62.255,-39.34788],[-62.23886,-39.34521],[-62.20538,-39.3562],[-62.21236,-39.36452],[-62.18067,-39.38748],[-62.16952,-39.3755],[-62.07248,-39.43673],[-62.04558,-39.44738],[-62.04697,-39.45936],[-62.06989,-39.50295],[-62.07447,-39.51959],[-62.08961,-39.54022],[-62.0926,-39.57217],[-62.10974,-39.62574],[-62.10974,-39.63839],[-62.1191,-39.66301],[-62.09619,-39.6873],[-62.1207,-39.70361],[-62.11592,-39.71027],[-62.12369,-39.73123],[-62.12608,-39.76784],[-62.12169,-39.81542],[-62.11572,-39.83705],[-62.1195,-39.8457],[-62.14082,-39.84471],[-62.14461,-39.83006],[-62.16732,-39.8294],[-62.19841,-39.84071],[-62.21475,-39.84238],[-62.2271,-39.83505],[-62.23826,-39.81742],[-62.24882,-39.81709],[-62.25799,-39.81709],[-62.29724,-39.83006],[-62.28847,-39.84604],[-62.26556,-39.85469],[-62.27253,-39.86434],[-62.28628,-39.86134],[-62.307,-39.86767],[-62.31358,-39.90028],[-62.33012,-39.91392],[-62.32613,-39.92524],[-62.33012,-39.95652],[-62.34147,-39.96018],[-62.32912,-39.97515],[-62.3345,-39.98514],[-62.33052,-39.99878],[-62.33729,-40.0254],[-62.34247,-40.06367],[-62.35084,-40.066],[-62.34008,-40.09728],[-62.34167,-40.12357],[-62.32753,-40.15685],[-62.34486,-40.19711],[-62.37037,-40.21042],[-62.3893,-40.22839],[-62.42437,-40.23571],[-62.44569,-40.25035],[-62.44648,-40.26],[-62.46701,-40.28463],[-62.48793,-40.30027],[-62.48653,-40.33088],[-62.46222,-40.3605],[-62.46183,-40.37315],[-62.45027,-40.38446],[-62.45047,-40.3981],[-62.44031,-40.41674],[-62.42257,-40.42939],[-62.42556,-40.45035],[-62.41899,-40.46366],[-62.39727,-40.47431],[-62.37057,-40.49261],[-62.34666,-40.49228],[-62.31896,-40.50626],[-62.32294,-40.53121],[-62.31398,-40.5392],[-62.29764,-40.54286],[-62.28329,-40.5605],[-62.28648,-40.56948],[-62.255,-40.56449],[-62.25141,-40.5565],[-62.27233,-40.54452],[-62.31537,-40.53554],[-62.3088,-40.52722],[-62.28787,-40.53454],[-62.25759,-40.53853],[-62.24065,-40.54552],[-62.1727,-40.58446],[-62.16952,-40.60043],[-62.17709,-40.64103],[-62.21554,-40.67031],[-62.23368,-40.69028],[-62.23706,-40.71224],[-62.25998,-40.74785],[-62.29584,-40.82738],[-62.31039,-40.86964],[-62.39388,-40.9129],[-62.42755,-40.92422],[-62.4698,-40.93287],[-62.53137,-40.95051],[-62.60469,-40.98278],[-62.64215,-40.99743],[-62.67085,-41.0124],[-62.7109,-41.03769],[-62.74337,-41.03769],[-62.7896,-41.02405],[-62.79757,-41.00808],[-62.80156,-40.98212],[-62.82607,-40.96115],[-62.845,-40.94052],[-62.85197,-40.92522],[-62.87847,-40.89427],[-62.91513,-40.86931],[-62.92948,-40.84701],[-62.94363,-40.83969],[-62.9506,-40.82239],[-62.9783,-40.81573],[-62.99065,-40.80076],[-63.0323,-40.79277],[-63.04286,-40.77547],[-63.05641,-40.76915],[-63.10263,-40.75949],[-63.11319,-40.74685],[-63.1393,-40.74119],[-63.15484,-40.72921],[-63.17257,-40.72655],[-63.1917,-40.71623],[-63.20346,-40.72222],[-63.24032,-40.72422],[-63.27041,-40.72256],[-63.28137,-40.72855],[-63.29751,-40.72023],[-63.29711,-40.71224],[-63.31464,-40.70625],[-63.35888,-40.72089],[-63.3794,-40.70991],[-63.3802,-40.5798],[-63.3808,-40.40875],[-63.38139,-40.12257],[-63.38239,-39.87199],[-63.38279,-39.72557],[-63.38299,-39.48664],[-63.38319,-39.32858],[-63.38359,-39.01278],[-63.38418,-38.82909],[-63.38498,-38.71128],[-63.38438,-38.61944],[-63.38498,-38.41645],[-63.38538,-38.25306],[-63.38558,-38.05772],[-63.38578,-37.80881],[-63.38558,-37.70997],[-63.38518,-37.52928],[-63.38538,-37.25907],[-63.38558,-36.99119],[-63.38538,-36.80783],[-63.38498,-36.69169],[-63.38538,-36.52497],[-63.38558,-36.35626],[-63.38558,-36.1769],[-63.38538,-35.90535],[-63.38538,-35.88372],[-63.38558,-35.63481],[-63.38558,-35.45545],[-63.38558,-35.36959],[-63.38598,-35.24314],[-63.38578,-35.00021],[-63.38558,-34.77692],[-63.38538,-34.52968],[-63.38498,-34.38326],[-63.19728,-34.38326],[-62.87967,-34.38359],[-62.53256,-34.38359],[-62.26815,-34.38359],[-62.06491,-34.38359],[-61.81384,-34.38359],[-61.7176,-34.38359],[-61.64866,-34.31936],[-61.5048,-34.18559],[-61.33244,-34.02519],[-61.12601,-33.83318],[-60.93213,-33.65282],[-60.92078,-33.63618],[-60.92277,-33.61821],[-60.91858,-33.59159],[-60.91101,-33.58094],[-60.87993,-33.55565],[-60.86259,-33.54667],[-60.82434,-33.54367],[-60.78209,-33.57762],[-60.75559,-33.5876],[-60.68466,-33.58527],[-60.66473,-33.59226],[-60.65636,-33.6039],[-60.62548,-33.62553],[-60.58284,-33.63419],[-60.55594,-33.64683],[-60.52306,-33.6485],[-60.47643,-33.63751],[-60.4577,-33.6282],[-60.46049,-33.6089],[-60.45691,-33.59858],[-60.4585,-33.58793],[-60.43658,-33.5653],[-60.42522,-33.56497],[-60.41407,-33.54467],[-60.42403,-33.52803],[-60.42124,-33.50474],[-60.40948,-33.4668],[-60.38916,-33.44783],[-60.34712,-33.42421],[-60.33337,-33.4079],[-60.32181,-33.37329],[-60.3238,-33.35166],[-60.30986,-33.33502],[-60.29073,-33.32304],[-60.2712,-33.28777],[-60.25944,-33.26181],[-60.22816,-33.28045],[-60.20066,-33.2921],[-60.1905,-33.30308],[-60.17615,-33.33902],[-60.16559,-33.35066],[-60.1381,-33.35898],[-60.111,-33.37296],[-60.08709,-33.39426],[-60.07214,-33.42454],[-60.04484,-33.4475],[-59.99941,-33.47013],[-59.94282,-33.47246],[-59.9235,-33.48011],[-59.90756,-33.50108],[-59.87607,-33.51572],[-59.83921,-33.52138],[-59.82327,-33.53003],[-59.80693,-33.55332],[-59.80952,-33.58327],[-59.7886,-33.60457],[-59.74975,-33.61921],[-59.72464,-33.62287],[-59.70631,-33.61988],[-59.69535,-33.61089],[-59.66446,-33.61755],[-59.65231,-33.62487],[-59.63637,-33.64251],[-59.63139,-33.67778],[-59.61883,-33.69209],[-59.60807,-33.69508],[-59.58277,-33.67878],[-59.55487,-33.65116],[-59.53136,-33.63552],[-59.50426,-33.63352],[-59.48912,-33.64317],[-59.47577,-33.65848],[-59.4678,-33.7044],[-59.44907,-33.72437],[-59.42536,-33.73269],[-59.37773,-33.73635],[-59.3337,-33.72936],[-59.3072,-33.72936],[-59.25419,-33.72237],[-59.23985,-33.73002],[-59.23546,-33.74001],[-59.23985,-33.75465],[-59.2518,-33.77262],[-59.25479,-33.79392],[-59.24224,-33.80756],[-59.22271,-33.81355],[-59.17788,-33.80656],[-59.16812,-33.80922],[-59.15975,-33.82387],[-59.13863,-33.84383],[-59.11252,-33.84849],[-59.0663,-33.83285],[-59.04019,-33.83651],[-59.02884,-33.84616],[-59.01509,-33.84783],[-59.00413,-33.84184],[-58.98878,-33.84616],[-58.98659,-33.8608],[-58.97783,-33.87045],[-58.9581,-33.87511],[-58.93957,-33.87345],[-58.92144,-33.87911],[-58.89972,-33.89109],[-58.87122,-33.93335],[-58.85488,-33.94732],[-58.83715,-33.95365],[-58.81563,-33.95465],[-58.79033,-33.94533],[-58.76382,-33.94533],[-58.73354,-33.96663],[-58.68392,-34.0192],[-58.67535,-34.02553],[-58.65045,-34.03684],[-58.63052,-34.03984],[-58.59605,-34.03551],[-58.57871,-34.02719],[-58.55321,-34.02652],[-58.47729,-34.00256],[-58.42688,-34.0039],[-58.39699,-34.00789],[-58.36192,-34.02053],[-58.33502,-34.0435],[-58.33582,-34.0811],[-58.34758,-34.1217],[-58.34519,-34.14699],[-58.35455,-34.16662],[-58.35077,-34.18759],[-58.35415,-34.21654],[-58.36252,-34.22852],[-58.38125,-34.23983],[-58.38942,-34.26246],[-58.42429,-34.28143],[-58.4484,-34.31703],[-58.45956,-34.32469],[-58.49184,-34.3197],[-58.51017,-34.30605],[-58.48506,-34.33467],[-58.47191,-34.36029],[-58.45956,-34.37727],[-58.46594,-34.38558],[-58.48287,-34.38459],[-58.51416,-34.44349],[-58.48148,-34.47976],[-58.47949,-34.48974],[-58.46773,-34.52269],[-58.45956,-34.52768],[-58.4761,-34.53833],[-58.50081,-34.54964],[-58.50997,-34.56927],[-58.51555,-34.58125],[-58.52292,-34.59756],[-58.5293,-34.6112],[-58.5303,-34.63483],[-58.5293,-34.6548],[-58.5026,-34.67443],[-58.46175,-34.70505],[-58.44701,-34.68874],[-58.42389,-34.66212],[-58.40257,-34.66012],[-58.39181,-34.66245],[-58.37408,-34.65713],[-58.3418,-34.63117],[-58.33283,-34.64481],[-58.31689,-34.65779],[-58.27963,-34.67876],[-58.234,-34.70272],[-58.21129,-34.71769],[-58.19455,-34.73566],[-58.17084,-34.74664],[-58.13198,-34.7493],[-58.10329,-34.75496],[-58.06961,-34.7716],[-58.05347,-34.77659],[-58.01761,-34.78025],[-58.00466,-34.78491],[-57.98373,-34.80554],[-57.95684,-34.82684],[-57.9403,-34.83216],[-57.87693,-34.82784],[-57.86,-34.84248],[-57.81178,-34.87143],[-57.78667,-34.89306],[-57.751,-34.91502],[-57.70816,-34.93033],[-57.68027,-34.93399],[-57.64739,-34.95462],[-57.59977,-34.99023],[-57.56729,-35.00487],[-57.53162,-35.01419],[-57.50851,-35.02484],[-57.4838,-35.04614],[-57.44415,-35.07309],[-57.33894,-35.15961],[-57.30367,-35.19722],[-57.27797,-35.2245],[-57.22297,-35.27309],[-57.20424,-35.30004],[-57.18691,-35.33398],[-57.14706,-35.39322],[-57.13012,-35.4235],[-57.12793,-35.4458],[-57.14247,-35.47841],[-57.15503,-35.49804],[-57.20823,-35.55062],[-57.2698,-35.61917],[-57.31961,-35.68772],[-57.34691,-35.71634],[-57.36504,-35.74596],[-57.36205,-35.75095],[-57.37222,-35.7819],[-57.38039,-35.82449],[-57.38537,-35.83181],[-57.38935,-35.86575],[-57.38397,-35.87707],[-57.38616,-35.90069],[-57.3776,-35.91534],[-57.37859,-35.92732],[-57.36943,-35.95361],[-57.37959,-35.96159],[-57.3497,-36.01151],[-57.3226,-36.05377],[-57.30885,-36.08372],[-57.2953,-36.10069],[-57.27817,-36.13031],[-57.20922,-36.1962],[-57.16479,-36.2348],[-57.12793,-36.26408],[-57.09047,-36.28571],[-57.01415,-36.32764],[-56.97231,-36.3343],[-56.92688,-36.3333],[-56.91393,-36.33796],[-56.87687,-36.3293],[-56.82307,-36.33163],[-56.8137,-36.33463],[-56.77405,-36.32132],[-56.77644,-36.29303],[-56.74556,-36.30834],[-56.73161,-36.32598],[-56.71646,-36.35426],[-56.70012,-36.4125],[-56.69076,-36.49835],[-56.68319,-36.6288],[-56.67362,-36.71066],[-56.67283,-36.73762],[-56.67522,-36.78753],[-56.67482,-36.82713],[-56.66585,-36.86207],[-56.66705,-36.88304],[-56.68837,-36.91132],[-56.75492,-36.98819],[-56.79019,-37.03412]]]]}},{"type":"Feature","properties":{"provincia":"Catamarca","indec":"10","source_name":"Catamarca"},"geometry":{"type":"MultiPolygon","coordinates":[[[[-65.93985,-27.61667],[-65.93287,-27.63598],[-65.91534,-27.66925],[-65.87549,-27.67258],[-65.86552,-27.68889],[-65.86473,-27.70885],[-65.8454,-27.7611],[-65.83404,-27.80735],[-65.82886,-27.81401],[-65.83285,-27.83764],[-65.82627,-27.84629],[-65.80635,-27.81634],[-65.79479,-27.80036],[-65.793,-27.78273],[-65.75314,-27.77008],[-65.72126,-27.79737],[-65.71987,-27.81601],[-65.70592,-27.82299],[-65.69675,-27.85095],[-65.70094,-27.86825],[-65.69895,-27.88955],[-65.68081,-27.91783],[-65.66906,-27.95411],[-65.66627,-27.97307],[-65.62462,-27.97341],[-65.60231,-27.99803],[-65.58896,-27.9987],[-65.5786,-28.00968],[-65.56086,-28.00635],[-65.55947,-27.99737],[-65.54632,-27.98938],[-65.54492,-27.97707],[-65.52798,-27.97241],[-65.52201,-27.94945],[-65.49929,-27.93048],[-65.50049,-27.92449],[-65.47717,-27.91151],[-65.47359,-27.90386],[-65.43613,-27.88655],[-65.42318,-27.88422],[-65.40544,-27.87258],[-65.39408,-27.85694],[-65.36459,-27.84595],[-65.17072,-27.94645],[-65.11194,-28.18571],[-65.10895,-28.24095],[-65.10476,-28.32215],[-65.09699,-28.4709],[-65.12549,-28.61166],[-65.18467,-28.60068],[-65.18805,-28.61799],[-65.17151,-28.61898],[-65.16115,-28.63962],[-65.13605,-28.64793],[-65.13864,-28.65825],[-65.12708,-28.71615],[-65.01669,-28.73778],[-65.00075,-28.76607],[-64.97724,-28.78936],[-64.93858,-28.80567],[-64.90112,-28.84127],[-64.89933,-28.85259],[-64.91188,-28.88653],[-64.90172,-28.91448],[-64.9065,-28.93245],[-64.86366,-29.01598],[-64.85988,-29.03495],[-64.86366,-29.05991],[-64.8543,-29.07022],[-64.85609,-29.10516],[-64.8531,-29.12247],[-64.85669,-29.14876],[-64.8525,-29.15475],[-64.8545,-29.19734],[-64.83756,-29.22862],[-64.81644,-29.24559],[-64.78117,-29.26556],[-64.79074,-29.27255],[-64.82481,-29.27388],[-64.83836,-29.29817],[-64.84254,-29.33378],[-64.83497,-29.34742],[-64.81664,-29.36606],[-64.81445,-29.37737],[-64.78795,-29.40066],[-64.79651,-29.43461],[-64.81664,-29.45258],[-64.828,-29.48352],[-64.83118,-29.51248],[-64.82919,-29.55074],[-64.82461,-29.57437],[-64.96409,-29.596],[-64.93799,-29.84758],[-64.98601,-29.89117],[-65.15836,-30.04724],[-65.42298,-30.11945],[-65.54492,-29.82761],[-65.58955,-29.72079],[-65.63957,-29.60133],[-65.71947,-29.40998],[-65.71728,-29.32845],[-65.74816,-29.26955],[-65.81452,-29.26988],[-65.81471,-29.18103],[-65.9259,-29.0822],[-65.94782,-29.07754],[-66.09945,-28.9441],[-66.28556,-28.88919],[-66.31206,-28.88686],[-66.3282,-28.87588],[-66.36805,-28.86623],[-66.39634,-28.8659],[-66.40431,-28.84993],[-66.40013,-28.83928],[-66.40989,-28.81432],[-66.38937,-28.80201],[-66.36626,-28.74544],[-66.35291,-28.73279],[-66.35251,-28.72181],[-66.37263,-28.71881],[-66.38379,-28.70517],[-66.38519,-28.69352],[-66.39595,-28.67689],[-66.49617,-28.62231],[-66.49637,-28.53146],[-66.53224,-28.53146],[-66.51689,-28.48421],[-66.5157,-28.46258],[-66.57089,-28.28854],[-66.78191,-28.2759],[-66.94251,-28.26625],[-66.99013,-28.26325],[-67.01623,-28.25427],[-67.02958,-28.25793],[-67.04732,-28.26791],[-67.07461,-28.27024],[-67.15551,-28.38438],[-67.37529,-28.38438],[-67.44643,-28.36807],[-67.68792,-28.31184],[-67.70666,-28.3145],[-67.7202,-28.32115],[-67.73893,-28.32015],[-67.76245,-28.33413],[-67.75627,-28.35376],[-67.77938,-28.34811],[-67.80588,-28.34977],[-67.81565,-28.37606],[-67.84633,-28.3744],[-67.84872,-28.3531],[-67.84653,-28.32614],[-67.84135,-28.31317],[-67.86068,-28.2942],[-67.87164,-28.28555],[-67.87363,-28.26957],[-67.89416,-28.25926],[-67.89376,-28.24961],[-67.90511,-28.23297],[-67.91149,-28.20901],[-67.91269,-28.18538],[-67.92225,-28.17407],[-67.92604,-28.15843],[-67.92464,-28.13813],[-67.91488,-28.11417],[-67.93799,-28.10818],[-68.02228,-28.12482],[-68.02347,-28.13846],[-68.03443,-28.14445],[-68.05376,-28.13979],[-68.07986,-28.16675],[-68.11095,-28.17074],[-68.1235,-28.15011],[-68.12948,-28.12249],[-68.13725,-28.11783],[-68.14123,-28.10186],[-68.16494,-28.10851],[-68.17232,-28.09221],[-68.18308,-28.08588],[-68.23409,-28.08222],[-68.24624,-28.07124],[-68.25521,-28.08355],[-68.27474,-28.0952],[-68.28968,-28.08089],[-68.29606,-28.06259],[-68.29048,-28.03197],[-68.29426,-28.02332],[-68.312,-28.02432],[-68.33591,-28.03763],[-68.34248,-28.02332],[-68.35165,-28.01733],[-68.38413,-28.01201],[-68.39389,-28.00502],[-68.41103,-28.00668],[-68.43992,-28.02532],[-68.45725,-28.01467],[-68.46104,-28.00469],[-68.45427,-27.9947],[-68.45187,-27.97174],[-68.45387,-27.93913],[-68.44908,-27.91683],[-68.44092,-27.89687],[-68.44032,-27.87357],[-68.45187,-27.86858],[-68.45825,-27.85194],[-68.48973,-27.84662],[-68.51444,-27.83863],[-68.5264,-27.80369],[-68.53915,-27.78539],[-68.53477,-27.76675],[-68.53895,-27.75378],[-68.53397,-27.73348],[-68.53716,-27.71518],[-68.54612,-27.71118],[-68.56166,-27.73547],[-68.56326,-27.77042],[-68.56685,-27.78306],[-68.58797,-27.81867],[-68.60929,-27.7987],[-68.62423,-27.79171],[-68.64097,-27.80203],[-68.66508,-27.81002],[-68.70294,-27.81601],[-68.71589,-27.81534],[-68.72964,-27.80569],[-68.72207,-27.79238],[-68.74139,-27.78273],[-68.78543,-27.76809],[-68.79898,-27.75577],[-69.09527,-27.79471],[-69.0895,-27.78639],[-69.08232,-27.72649],[-69.08431,-27.71518],[-69.04406,-27.6992],[-69.04207,-27.67857],[-69.05901,-27.66426],[-69.05144,-27.62533],[-69.03849,-27.59504],[-69.02195,-27.58573],[-68.99784,-27.5814],[-68.97552,-27.56077],[-68.97154,-27.54746],[-68.98748,-27.52383],[-68.94304,-27.52649],[-68.94224,-27.50653],[-68.94822,-27.49089],[-68.96755,-27.47026],[-68.98807,-27.45295],[-68.9803,-27.43199],[-68.95918,-27.43032],[-68.93447,-27.44463],[-68.91933,-27.40869],[-68.90757,-27.40071],[-68.88685,-27.39838],[-68.89661,-27.3854],[-68.88924,-27.37741],[-68.89283,-27.35778],[-68.87808,-27.33981],[-68.87011,-27.31818],[-68.84461,-27.31319],[-68.82867,-27.29821],[-68.82847,-27.28823],[-68.84361,-27.27558],[-68.85437,-27.27359],[-68.86812,-27.26161],[-68.86892,-27.23831],[-68.85557,-27.23066],[-68.85218,-27.21069],[-68.85577,-27.18673],[-68.82488,-27.14747],[-68.80795,-27.14547],[-68.7936,-27.12151],[-68.78742,-27.10421],[-68.77766,-27.09888],[-68.75136,-27.11219],[-68.73283,-27.10221],[-68.71589,-27.10587],[-68.69317,-27.09921],[-68.68481,-27.10787],[-68.67086,-27.09888],[-68.65432,-27.13582],[-68.63898,-27.14381],[-68.62981,-27.16444],[-68.61507,-27.17176],[-68.6047,-27.15945],[-68.57621,-27.17742],[-68.56685,-27.15978],[-68.56266,-27.14181],[-68.55449,-27.13016],[-68.55868,-27.11619],[-68.54014,-27.10986],[-68.51643,-27.12817],[-68.49452,-27.13649],[-68.48136,-27.12817],[-68.473,-27.11153],[-68.47598,-27.08357],[-68.45108,-27.09522],[-68.44151,-27.07858],[-68.42757,-27.06727],[-68.38213,-27.05462],[-68.34647,-27.03333],[-68.32634,-27.03499],[-68.30801,-27.04165],[-68.29606,-27.03965],[-68.29327,-27.02933],[-68.31499,-26.99872],[-68.31877,-26.98175],[-68.30104,-26.96777],[-68.29048,-26.94847],[-68.29366,-26.93017],[-68.26258,-26.91819],[-68.26955,-26.9082],[-68.29885,-26.88491],[-68.29845,-26.8736],[-68.34826,-26.81403],[-68.36221,-26.80272],[-68.43255,-26.70854],[-68.4977,-26.61869],[-68.58817,-26.49257],[-68.56645,-26.31986],[-68.55828,-26.28725],[-68.4979,-26.24865],[-68.47718,-26.237],[-68.38134,-26.17777],[-68.40425,-26.06829],[-68.4188,-25.98177],[-68.43892,-25.89824],[-68.46024,-25.79542],[-68.47937,-25.69891],[-68.48455,-25.69891],[-68.50009,-25.67262],[-68.51125,-25.67229],[-68.525,-25.64434],[-68.53835,-25.64068],[-68.54612,-25.6277],[-68.53935,-25.61306],[-68.54154,-25.59908],[-68.52939,-25.57945],[-68.51504,-25.57445],[-68.53138,-25.55748],[-68.54772,-25.5272],[-68.53835,-25.5109],[-68.56147,-25.50557],[-68.57262,-25.49459],[-68.57083,-25.48061],[-68.58159,-25.45665],[-68.58916,-25.449],[-68.58677,-25.4277],[-68.56386,-25.40707],[-68.55648,-25.40607],[-68.54154,-25.38245],[-68.52341,-25.37446],[-68.525,-25.35715],[-68.51843,-25.34085],[-68.53138,-25.31988],[-68.54612,-25.31156],[-68.54513,-25.30092],[-68.53038,-25.29193],[-68.54851,-25.26265],[-68.5264,-25.23103],[-68.51484,-25.23237],[-68.50528,-25.22271],[-68.50946,-25.18012],[-68.50727,-25.16847],[-68.31937,-25.18877],[-68.12709,-25.20974],[-67.86467,-25.23836],[-67.52194,-25.23969],[-67.2916,-25.24035],[-67.11506,-25.24102],[-66.87934,-25.24168],[-66.56113,-25.30025],[-66.58165,-25.32155],[-66.58564,-25.34185],[-66.59939,-25.36314],[-66.58962,-25.37246],[-66.54758,-25.3688],[-66.53443,-25.37546],[-66.53443,-25.38577],[-66.52447,-25.4104],[-66.51849,-25.44035],[-66.52287,-25.45299],[-66.53523,-25.46231],[-66.53204,-25.50058],[-66.541,-25.5099],[-66.5428,-25.52254],[-66.53463,-25.53652],[-66.54798,-25.55482],[-66.56153,-25.56247],[-66.57269,-25.58677],[-66.56352,-25.60174],[-66.56392,-25.62171],[-66.60636,-25.6287],[-66.61333,-25.64201],[-66.6233,-25.647],[-66.63306,-25.66197],[-66.63605,-25.68826],[-66.64801,-25.71156],[-66.6759,-25.71023],[-66.69124,-25.70357],[-66.75939,-25.7059],[-66.78928,-25.69924],[-66.81279,-25.70024],[-66.84328,-25.71255],[-66.8632,-25.74284],[-66.87077,-25.76813],[-66.85782,-25.77245],[-66.84766,-25.79641],[-66.84666,-25.83967],[-66.83929,-25.8806],[-66.84886,-25.89658],[-66.85264,-25.91721],[-66.84467,-25.95082],[-66.84666,-25.97012],[-66.82694,-25.99541],[-66.80522,-26.0187],[-66.78111,-26.03301],[-66.77872,-26.04799],[-66.75959,-26.04899],[-66.75461,-26.05864],[-66.73209,-26.06563],[-66.72452,-26.07561],[-66.7024,-26.08226],[-66.68845,-26.07727],[-66.66096,-26.07661],[-66.65438,-26.09225],[-66.66116,-26.10622],[-66.64123,-26.11321],[-66.62589,-26.12719],[-66.62051,-26.14383],[-66.59859,-26.14749],[-66.58424,-26.1598],[-66.57249,-26.18343],[-66.57647,-26.21038],[-66.56691,-26.23401],[-66.5683,-26.24998],[-66.5418,-26.25963],[-66.52726,-26.28226],[-66.55037,-26.2806],[-66.55954,-26.28858],[-66.55774,-26.30855],[-66.54878,-26.32119],[-66.54838,-26.33251],[-66.53981,-26.35314],[-66.50813,-26.36479],[-66.4892,-26.36612],[-66.47744,-26.35946],[-66.4611,-26.36412],[-66.44935,-26.37311],[-66.42404,-26.38708],[-66.41368,-26.39873],[-66.382,-26.4167],[-66.37482,-26.41271],[-66.37024,-26.38975],[-66.3553,-26.35214],[-66.34195,-26.34216],[-66.33198,-26.32153],[-66.33119,-26.30356],[-66.32083,-26.29491],[-66.3019,-26.27061],[-66.30608,-26.26229],[-66.29293,-26.22935],[-66.27978,-26.22003],[-66.24391,-26.1771],[-66.23056,-26.14915],[-66.19629,-26.13085],[-66.18135,-26.13418],[-66.17079,-26.13384],[-66.14229,-26.15947],[-66.13831,-26.17511],[-66.12157,-26.18809],[-66.09985,-26.22036],[-66.09686,-26.24366],[-66.10284,-26.25996],[-66.11579,-26.26229],[-66.12217,-26.28592],[-66.12137,-26.30422],[-66.1142,-26.34349],[-66.11918,-26.3771],[-66.12396,-26.38675],[-66.15584,-26.3974],[-66.16122,-26.41936],[-66.15285,-26.436],[-66.16262,-26.45896],[-66.17656,-26.46928],[-66.17796,-26.48259],[-66.16481,-26.50023],[-66.17258,-26.51054],[-66.16501,-26.53417],[-66.16939,-26.54282],[-66.1682,-26.56578],[-66.17617,-26.57776],[-66.1674,-26.60139],[-66.17118,-26.63134],[-66.15325,-26.62535],[-66.04227,-26.60039],[-65.83424,-26.73649],[-65.83085,-26.74814],[-65.85377,-26.75979],[-65.86592,-26.79539],[-65.88147,-26.80604],[-65.87449,-26.81836],[-65.89402,-26.84198],[-65.89003,-26.85596],[-65.90039,-26.86395],[-65.88824,-26.88058],[-65.85755,-26.90122],[-65.85775,-26.92917],[-65.87489,-26.93283],[-65.88983,-26.96977],[-65.91614,-26.98907],[-65.91355,-27.0067],[-65.92172,-27.01835],[-65.93148,-27.01735],[-65.96436,-27.03299],[-65.96515,-27.0483],[-65.97352,-27.05429],[-65.97113,-27.0686],[-65.97771,-27.0879],[-65.99086,-27.10554],[-65.99903,-27.10321],[-66.01816,-27.11253],[-66.02294,-27.12118],[-66.05482,-27.14414],[-66.06379,-27.16211],[-66.06897,-27.18707],[-66.08252,-27.19838],[-66.07793,-27.20903],[-66.11021,-27.21568],[-66.12177,-27.22733],[-66.13412,-27.24763],[-66.1409,-27.26094],[-66.11719,-27.26627],[-66.09268,-27.27691],[-66.08052,-27.28657],[-66.05143,-27.29555],[-66.02752,-27.29888],[-66.01058,-27.31019],[-65.99564,-27.31419],[-65.97173,-27.33382],[-65.96535,-27.35844],[-65.96754,-27.39904],[-65.97452,-27.41502],[-65.96854,-27.42899],[-65.97492,-27.44297],[-65.97253,-27.46759],[-65.97392,-27.50253],[-65.96675,-27.51784],[-65.97073,-27.52516],[-65.96595,-27.54347],[-65.95021,-27.56177],[-65.95579,-27.57075],[-65.94403,-27.59504],[-65.93985,-27.61667]]]]}},{"type":"Feature","properties":{"provincia":"Córdoba","indec":"14","source_name":"Córdoba"},"geometry":{"type":"MultiPolygon","coordinates":[[[[-62.54312,-33.94333],[-62.70591,-34.15631],[-62.87967,-34.38359],[-63.19728,-34.38326],[-63.38498,-34.38326],[-63.38538,-34.52968],[-63.38558,-34.77692],[-63.38578,-35.00021],[-63.68207,-35.00021],[-63.93493,-35.00021],[-64.25155,-35.00021],[-64.48069,-35.00021],[-64.83995,-34.99988],[-65.11752,-34.99988],[-65.11752,-34.78624],[-65.11752,-34.65214],[-65.11752,-34.48575],[-65.11752,-34.06113],[-65.11752,-33.95065],[-65.13266,-33.49842],[-65.14282,-33.19459],[-65.11054,-33.1723],[-65.10058,-33.15699],[-65.07408,-33.14235],[-65.05475,-33.11573],[-65.05933,-33.10042],[-65.05276,-33.09044],[-65.04817,-33.06881],[-65.02765,-33.04818],[-65.01609,-33.02322],[-64.99976,-33.00259],[-65.02227,-32.97297],[-65.01231,-32.96165],[-64.99557,-32.95001],[-64.99278,-32.92738],[-64.98302,-32.91407],[-64.97485,-32.87547],[-64.96588,-32.86748],[-64.96489,-32.85217],[-64.97405,-32.82888],[-64.97066,-32.80492],[-64.95672,-32.79028],[-64.94456,-32.76732],[-64.94954,-32.74302],[-64.94815,-32.72272],[-64.92364,-32.69544],[-64.91627,-32.67913],[-64.92424,-32.65384],[-64.91806,-32.63288],[-64.92523,-32.6199],[-64.92165,-32.60991],[-64.88837,-32.57997],[-64.88279,-32.56699],[-64.89076,-32.53804],[-64.89056,-32.52572],[-64.89873,-32.51474],[-64.89554,-32.48513],[-64.90132,-32.47947],[-64.91985,-32.46682],[-64.92364,-32.42889],[-64.92922,-32.41857],[-64.91946,-32.40127],[-64.92005,-32.36899],[-64.92723,-32.35801],[-64.92543,-32.3254],[-64.94038,-32.3001],[-64.95273,-32.30876],[-64.97704,-32.32107],[-64.99597,-32.31375],[-65.03542,-32.31708],[-65.05515,-32.31408],[-65.0671,-32.31741],[-65.08703,-32.31342],[-65.21137,-32.32573],[-65.20778,-32.30243],[-65.21934,-32.27981],[-65.20878,-32.25318],[-65.21037,-32.23488],[-65.22033,-32.21891],[-65.23169,-32.21059],[-65.22551,-32.167],[-65.24245,-32.12074],[-65.23587,-32.11675],[-65.24484,-32.09013],[-65.29226,-32.06284],[-65.31299,-32.04154],[-65.60629,-31.90843],[-65.62841,-31.89845],[-65.77008,-31.8888],[-65.77048,-31.74338],[-65.77088,-31.53107],[-65.77128,-31.36834],[-65.77148,-31.26152],[-65.77207,-31.04456],[-65.64176,-30.75405],[-65.59812,-30.65688],[-65.52081,-30.4845],[-65.49052,-30.37169],[-65.42298,-30.11945],[-65.15836,-30.04724],[-64.98601,-29.89117],[-64.93799,-29.84758],[-64.96409,-29.596],[-64.82461,-29.57437],[-64.58849,-29.5381],[-64.48926,-29.52279],[-64.34241,-29.5005],[-64.14156,-29.53078],[-63.97697,-29.5554],[-63.95864,-29.62129],[-63.86957,-29.62395],[-63.86818,-29.61697],[-63.84168,-29.58169],[-63.81159,-29.57903],[-63.78409,-29.58402],[-63.78489,-29.599],[-63.81478,-29.60865],[-63.81637,-29.61464],[-63.76377,-29.61697],[-63.73687,-29.6366],[-63.72372,-29.65923],[-63.71017,-29.66222],[-63.66932,-29.66023],[-63.6488,-29.66222],[-63.58503,-29.65756],[-63.55375,-29.66355],[-63.53004,-29.65723],[-63.51569,-29.66355],[-63.46528,-29.66488],[-63.48062,-29.72578],[-63.4593,-29.72578],[-63.4591,-29.75706],[-63.27041,-29.77403],[-63.06278,-29.79267],[-62.80873,-29.81563],[-62.80574,-29.83427],[-62.82328,-29.83793],[-62.83463,-29.85257],[-62.83703,-29.87287],[-62.82706,-29.88418],[-62.8175,-29.90448],[-62.80056,-29.90814],[-62.79897,-29.92378],[-62.78562,-29.94574],[-62.79199,-29.96005],[-62.77107,-29.96737],[-62.75354,-29.96638],[-62.74258,-29.97902],[-62.72385,-29.99067],[-62.69954,-29.98867],[-62.69117,-29.99566],[-62.66387,-29.99832],[-62.65491,-30.00731],[-62.67463,-30.03426],[-62.6555,-30.05523],[-62.62263,-30.0529],[-62.60848,-30.05656],[-62.58636,-30.06388],[-62.55647,-30.06288],[-62.56484,-30.09283],[-62.56464,-30.11479],[-62.576,-30.1311],[-62.58238,-30.1484],[-62.59612,-30.16404],[-62.59254,-30.17802],[-62.59971,-30.20165],[-62.59891,-30.21695],[-62.58975,-30.23592],[-62.59353,-30.25955],[-62.58935,-30.26887],[-62.53455,-30.31213],[-62.52399,-30.32644],[-62.52001,-30.34174],[-62.1737,-30.3454],[-62.15756,-30.39632],[-62.13066,-30.47984],[-61.98261,-30.61561],[-61.84154,-30.74506],[-61.84333,-30.75072],[-61.93977,-31.04622],[-62.02525,-31.30811],[-62.12588,-31.61559],[-62.12707,-31.61659],[-62.24105,-31.70012],[-62.21794,-31.74072],[-62.21774,-31.7883],[-62.22551,-31.83788],[-62.22332,-31.88347],[-62.18864,-31.92241],[-62.16752,-31.9863],[-62.18207,-32.04853],[-62.18207,-32.06384],[-62.19681,-32.11442],[-62.17848,-32.15967],[-62.12807,-32.20859],[-62.04139,-32.25851],[-62.03542,-32.26649],[-62.02585,-32.30443],[-62.01171,-32.34536],[-61.98421,-32.39261],[-61.94436,-32.43721],[-61.92822,-32.46449],[-61.91327,-32.49943],[-61.92064,-32.50542],[-61.91267,-32.52705],[-61.92941,-32.53637],[-61.92443,-32.55135],[-61.9055,-32.55235],[-61.90251,-32.56632],[-61.92642,-32.58429],[-61.92104,-32.59394],[-61.90869,-32.59594],[-61.89155,-32.58995],[-61.88896,-32.61058],[-61.92423,-32.6372],[-61.94615,-32.65051],[-61.94635,-32.67847],[-61.92941,-32.69011],[-61.90749,-32.6961],[-61.88558,-32.69178],[-61.85848,-32.69411],[-61.83975,-32.73171],[-61.82361,-32.75767],[-61.81006,-32.75933],[-61.79571,-32.77397],[-61.79252,-32.7936],[-61.77798,-32.83121],[-61.79193,-32.87713],[-61.771,-32.90109],[-61.77579,-32.92538],[-61.79073,-32.95866],[-61.78774,-33.00625],[-61.79551,-33.01457],[-61.82261,-33.0322],[-61.83018,-33.04618],[-61.84274,-33.0535],[-61.87183,-33.08045],[-61.88079,-33.09743],[-61.90411,-33.11739],[-61.92025,-33.12005],[-62.05435,-33.29676],[-62.13823,-33.40757],[-62.27253,-33.58693],[-62.39388,-33.74666],[-62.54312,-33.94333]]]]}},{"type":"Feature","properties":{"provincia":"Corrientes","indec":"18","source_name":"Corrientes"},"geometry":{"type":"MultiPolygon","coordinates":[[[[-57.62826,-30.17436],[-57.64141,-30.17868],[-57.65337,-30.19699],[-57.61591,-30.24823],[-57.61531,-30.25456],[-57.63484,-30.31213],[-57.63743,-30.32976],[-57.64659,-30.34574],[-57.68047,-30.36936],[-57.69322,-30.38168],[-57.73506,-30.4063],[-57.76774,-30.41828],[-57.77691,-30.43292],[-57.79404,-30.44657],[-57.81277,-30.45289],[-57.84406,-30.46919],[-57.86279,-30.48217],[-57.8855,-30.51245],[-57.88729,-30.58766],[-57.86119,-30.60563],[-57.84784,-30.61861],[-57.84346,-30.65954],[-57.83708,-30.66919],[-57.81895,-30.6805],[-57.80899,-30.69515],[-57.80919,-30.72975],[-57.82154,-30.71944],[-57.83987,-30.72243],[-57.85103,-30.70047],[-57.87195,-30.6825],[-57.89487,-30.66952],[-57.95365,-30.64922],[-57.97557,-30.64689],[-57.97497,-30.63758],[-58.02379,-30.60097],[-58.03355,-30.59798],[-58.03773,-30.56703],[-58.05786,-30.55904],[-58.06882,-30.54473],[-58.06842,-30.5241],[-58.05905,-30.51379],[-58.05766,-30.49715],[-58.0736,-30.48184],[-58.06882,-30.47552],[-58.0746,-30.45954],[-58.0726,-30.42527],[-58.09412,-30.42261],[-58.13118,-30.40464],[-58.14015,-30.4063],[-58.1533,-30.38534],[-58.17781,-30.35905],[-58.18319,-30.34374],[-58.19236,-30.33509],[-58.19395,-30.31046],[-58.2083,-30.2875],[-58.22284,-30.27718],[-58.24556,-30.27086],[-58.26967,-30.25256],[-58.28561,-30.24457],[-58.29836,-30.2469],[-58.33223,-30.26787],[-58.34638,-30.2712],[-58.38105,-30.25955],[-58.38703,-30.2509],[-58.40277,-30.24524],[-58.41453,-30.23492],[-58.43525,-30.2306],[-58.45577,-30.21729],[-58.47072,-30.20331],[-58.49782,-30.20697],[-58.52551,-30.189],[-58.54106,-30.18334],[-58.55281,-30.18567],[-58.57752,-30.16005],[-58.63092,-30.17536],[-58.64407,-30.16637],[-58.66798,-30.16471],[-58.68313,-30.17602],[-58.69309,-30.17669],[-58.74091,-30.19898],[-58.74768,-30.21263],[-58.76263,-30.21662],[-58.79252,-30.21529],[-58.81982,-30.21695],[-58.83456,-30.23193],[-58.87342,-30.23858],[-58.87959,-30.24624],[-58.91267,-30.24724],[-58.92961,-30.24125],[-58.93937,-30.23126],[-58.99018,-30.21928],[-59.04597,-30.22993],[-59.06371,-30.23093],[-59.08961,-30.26121],[-59.10794,-30.27352],[-59.11312,-30.28118],[-59.13105,-30.2875],[-59.1442,-30.31712],[-59.19302,-30.33209],[-59.21036,-30.34707],[-59.2514,-30.36537],[-59.27771,-30.35838],[-59.29923,-30.35772],[-59.30321,-30.3474],[-59.32553,-30.35206],[-59.34765,-30.32477],[-59.4136,-30.32078],[-59.42934,-30.31778],[-59.4401,-30.32943],[-59.46381,-30.32577],[-59.48075,-30.34274],[-59.54611,-30.34008],[-59.56563,-30.34807],[-59.56583,-30.35805],[-59.58695,-30.43425],[-59.6013,-30.43093],[-59.61505,-30.41928],[-59.63378,-30.38534],[-59.63198,-30.36803],[-59.63677,-30.35772],[-59.65749,-30.35272],[-59.67164,-30.33875],[-59.67223,-30.32045],[-59.69336,-30.31312],[-59.7085,-30.29316],[-59.7073,-30.26687],[-59.66347,-30.25689],[-59.63916,-30.24191],[-59.62581,-30.21163],[-59.63139,-30.16804],[-59.61883,-30.13243],[-59.61206,-30.10248],[-59.59731,-30.07952],[-59.57978,-30.04558],[-59.56942,-30.01895],[-59.56643,-30.00431],[-59.57998,-29.989],[-59.59154,-29.96871],[-59.59253,-29.93975],[-59.60469,-29.90282],[-59.61963,-29.87852],[-59.6557,-29.85357],[-59.65849,-29.82994],[-59.63537,-29.79633],[-59.61764,-29.7757],[-59.61047,-29.7148],[-59.61405,-29.66888],[-59.60867,-29.65157],[-59.5999,-29.58369],[-59.59014,-29.56971],[-59.59253,-29.5544],[-59.58954,-29.51713],[-59.58456,-29.50249],[-59.58098,-29.47421],[-59.57998,-29.4599],[-59.58695,-29.43793],[-59.60528,-29.40865],[-59.60429,-29.39467],[-59.59393,-29.38236],[-59.56105,-29.37038],[-59.53216,-29.35374],[-59.51622,-29.33777],[-59.51203,-29.31681],[-59.51203,-29.27787],[-59.50864,-29.25092],[-59.49011,-29.23827],[-59.43333,-29.22163],[-59.40782,-29.2213],[-59.40204,-29.21697],[-59.39686,-29.19035],[-59.36398,-29.14876],[-59.35821,-29.12779],[-59.34685,-29.11448],[-59.3325,-29.10849],[-59.30241,-29.10583],[-59.27532,-29.09951],[-59.24881,-29.08353],[-59.23447,-29.07155],[-59.21255,-29.05258],[-59.1998,-29.03162],[-59.2002,-29.01232],[-59.20876,-28.99834],[-59.20956,-28.96906],[-59.19521,-28.93811],[-59.16971,-28.90883],[-59.15815,-28.87721],[-59.15815,-28.84261],[-59.16194,-28.807],[-59.15536,-28.78504],[-59.14261,-28.77439],[-59.1181,-28.74311],[-59.10216,-28.71582],[-59.09379,-28.68887],[-59.07805,-28.66491],[-59.09618,-28.64793],[-59.10495,-28.63396],[-59.10575,-28.61466],[-59.09877,-28.59602],[-59.09937,-28.57439],[-59.08821,-28.55775],[-59.08423,-28.53912],[-59.05434,-28.50784],[-59.04876,-28.4892],[-59.05573,-28.47123],[-59.06948,-28.45093],[-59.08602,-28.43596],[-59.08542,-28.41999],[-59.07785,-28.39869],[-59.07626,-28.36541],[-59.08104,-28.34711],[-59.10356,-28.32881],[-59.10236,-28.26957],[-59.10973,-28.24528],[-59.10495,-28.21766],[-59.08762,-28.20169],[-59.08921,-28.18172],[-59.08004,-28.15044],[-59.07227,-28.13646],[-59.05334,-28.12681],[-59.00751,-28.13846],[-58.96328,-28.13946],[-58.94515,-28.1338],[-58.92682,-28.10951],[-58.88079,-28.06692],[-58.85967,-28.05028],[-58.86066,-28.02099],[-58.84213,-27.99171],[-58.82918,-27.96176],[-58.84353,-27.91417],[-58.84313,-27.87624],[-58.8234,-27.8393],[-58.80965,-27.78339],[-58.81882,-27.68123],[-58.8244,-27.66925],[-58.83556,-27.64662],[-58.86903,-27.62366],[-58.88278,-27.60869],[-58.88278,-27.59937],[-58.87142,-27.57974],[-58.87142,-27.55944],[-58.8778,-27.54912],[-58.88119,-27.52882],[-58.88139,-27.49788],[-58.87481,-27.48856],[-58.85728,-27.46726],[-58.80866,-27.42367],[-58.79351,-27.39305],[-58.77279,-27.37808],[-58.74549,-27.3824],[-58.70783,-27.3661],[-58.66878,-27.35911],[-58.61657,-27.31851],[-58.59027,-27.32018],[-58.56258,-27.30121],[-58.54644,-27.29389],[-58.51117,-27.28889],[-58.50061,-27.27359],[-58.4767,-27.27093],[-58.41692,-27.29023],[-58.39679,-27.28856],[-58.37288,-27.29089],[-58.36252,-27.28424],[-58.34658,-27.28091],[-58.29079,-27.27492],[-58.27286,-27.26593],[-58.24317,-27.26194],[-58.19694,-27.27991],[-58.1547,-27.27924],[-58.12222,-27.27558],[-58.08815,-27.27492],[-58.06085,-27.26061],[-58.00984,-27.25928],[-57.97636,-27.27392],[-57.95923,-27.27425],[-57.93233,-27.26427],[-57.88172,-27.26993],[-57.85601,-27.28357],[-57.84167,-27.30886],[-57.82732,-27.3275],[-57.81377,-27.33715],[-57.79345,-27.34147],[-57.73068,-27.33615],[-57.70537,-27.3255],[-57.6707,-27.34081],[-57.65237,-27.3671],[-57.60973,-27.39571],[-57.58602,-27.4027],[-57.56091,-27.41668],[-57.54358,-27.43298],[-57.50751,-27.4443],[-57.47444,-27.4443],[-57.43897,-27.43831],[-57.39573,-27.42067],[-57.38776,-27.42167],[-57.33854,-27.41002],[-57.32659,-27.40969],[-57.30228,-27.42566],[-57.27956,-27.43032],[-57.24947,-27.45062],[-57.23214,-27.46793],[-57.14586,-27.4829],[-57.13391,-27.49189],[-57.11916,-27.49355],[-57.10183,-27.48456],[-57.03647,-27.48057],[-57.0271,-27.48556],[-56.97988,-27.49355],[-56.96573,-27.5022],[-56.95278,-27.53515],[-56.94222,-27.55844],[-56.91672,-27.57175],[-56.90317,-27.58506],[-56.84917,-27.60636],[-56.82924,-27.60536],[-56.79597,-27.58706],[-56.77046,-27.59837],[-56.74715,-27.60503],[-56.72523,-27.59937],[-56.7065,-27.5834],[-56.68917,-27.57907],[-56.67781,-27.56343],[-56.6792,-27.54613],[-56.69833,-27.52982],[-56.7055,-27.50753],[-56.71706,-27.49688],[-56.72164,-27.48057],[-56.71885,-27.4646],[-56.7071,-27.45761],[-56.68877,-27.45462],[-56.67801,-27.4636],[-56.64951,-27.46094],[-56.60707,-27.43199],[-56.58216,-27.44896],[-56.56842,-27.44996],[-56.55467,-27.45927],[-56.54351,-27.47425],[-56.53873,-27.49089],[-56.50625,-27.52716],[-56.49848,-27.55178],[-56.48712,-27.56376],[-56.46839,-27.56975],[-56.43611,-27.58806],[-56.42216,-27.6037],[-56.39486,-27.60702],[-56.37534,-27.6017],[-56.3594,-27.59072],[-56.35222,-27.57741],[-56.35143,-27.55711],[-56.33827,-27.52416],[-56.31954,-27.51784],[-56.3044,-27.5002],[-56.29364,-27.49421],[-56.28428,-27.46194],[-56.29304,-27.43565],[-56.29364,-27.41934],[-56.28428,-27.40836],[-56.26794,-27.40403],[-56.23626,-27.40137],[-56.22988,-27.3874],[-56.21115,-27.38274],[-56.18146,-27.34879],[-56.14938,-27.32783],[-56.13224,-27.3275],[-56.12228,-27.31851],[-56.08681,-27.30853],[-56.06171,-27.3062],[-56.037,-27.31285],[-56.02425,-27.32417],[-56.02445,-27.33681],[-56.03859,-27.3448],[-56.02983,-27.38606],[-56.04258,-27.40304],[-56.036,-27.41435],[-56.05473,-27.41934],[-56.05513,-27.44996],[-56.03839,-27.46759],[-56.03879,-27.47791],[-56.02923,-27.50253],[-56.00372,-27.52483],[-55.98101,-27.53914],[-55.85189,-27.75877],[-55.83714,-27.78339],[-55.82579,-27.79171],[-55.83595,-27.7997],[-55.83754,-27.822],[-55.84671,-27.83131],[-55.84053,-27.84496],[-55.82818,-27.85427],[-55.83216,-27.90386],[-55.81443,-27.9195],[-55.82081,-27.95044],[-55.80227,-27.96376],[-55.80347,-27.97341],[-55.78793,-27.98073],[-55.77478,-27.99903],[-55.77677,-28.00702],[-55.74907,-28.02898],[-55.75784,-28.04961],[-55.75824,-28.06093],[-55.73493,-28.06558],[-55.7152,-28.06592],[-55.71679,-28.08089],[-55.70265,-28.09387],[-55.69368,-28.09021],[-55.67794,-28.10385],[-55.65642,-28.11483],[-55.64506,-28.13081],[-55.62015,-28.13746],[-55.62653,-28.17107],[-55.6349,-28.17873],[-55.65204,-28.18239],[-55.69169,-28.21733],[-55.7138,-28.22665],[-55.73552,-28.22931],[-55.769,-28.24062],[-55.78255,-28.25393],[-55.77856,-28.26724],[-55.76501,-28.27723],[-55.73493,-28.28488],[-55.70384,-28.31017],[-55.68571,-28.31749],[-55.66997,-28.3308],[-55.66857,-28.34145],[-55.6889,-28.38671],[-55.69169,-28.41766],[-55.70404,-28.42664],[-55.71899,-28.42032],[-55.72775,-28.39237],[-55.73891,-28.37673],[-55.75744,-28.36874],[-55.80327,-28.36608],[-55.85129,-28.3551],[-55.87839,-28.36109],[-55.9017,-28.40301],[-55.9027,-28.41233],[-55.89274,-28.43396],[-55.88118,-28.46957],[-55.88417,-28.47955],[-55.90728,-28.48122],[-55.95491,-28.49519],[-55.98619,-28.49785],[-56.0087,-28.50584],[-56.02205,-28.51982],[-56.02445,-28.54544],[-56.00233,-28.57839],[-56.00193,-28.59602],[-56.0111,-28.60833],[-56.02724,-28.61765],[-56.05174,-28.62564],[-56.08323,-28.65459],[-56.11849,-28.68154],[-56.14818,-28.71582],[-56.16074,-28.73978],[-56.18106,-28.7664],[-56.19182,-28.77372],[-56.25917,-28.77838],[-56.28527,-28.78936],[-56.29703,-28.80234],[-56.30121,-28.81565],[-56.29743,-28.85325],[-56.29783,-28.88953],[-56.30201,-28.90117],[-56.33748,-28.93445],[-56.39048,-28.95508],[-56.41001,-28.97771],[-56.41399,-29.004],[-56.39865,-29.0213],[-56.4118,-29.05125],[-56.4122,-29.06723],[-56.42515,-29.08187],[-56.50087,-29.09252],[-56.51701,-29.09718],[-56.54072,-29.11381],[-56.57858,-29.11648],[-56.59153,-29.12446],[-56.60548,-29.1624],[-56.64334,-29.19601],[-56.6533,-29.22163],[-56.64852,-29.25558],[-56.64951,-29.27255],[-56.67841,-29.3228],[-56.70391,-29.3624],[-56.71507,-29.36739],[-56.75811,-29.37404],[-56.77285,-29.39068],[-56.77843,-29.40898],[-56.77724,-29.43361],[-56.80394,-29.45823],[-56.8139,-29.48186],[-56.83861,-29.49817],[-56.88484,-29.52346],[-56.90934,-29.54309],[-56.93106,-29.57237],[-56.94979,-29.58269],[-56.97111,-29.60765],[-56.96733,-29.63726],[-57.00578,-29.65623],[-57.02093,-29.68219],[-57.03767,-29.69883],[-57.04902,-29.70482],[-57.09804,-29.74708],[-57.11956,-29.76372],[-57.14267,-29.77437],[-57.16997,-29.78102],[-57.20245,-29.77869],[-57.22995,-29.77903],[-57.28953,-29.82528],[-57.30108,-29.83793],[-57.3226,-29.8722],[-57.32878,-29.89483],[-57.3244,-29.92245],[-57.32599,-29.96505],[-57.33675,-29.99034],[-57.35309,-30.00864],[-57.40609,-30.03027],[-57.4304,-30.0529],[-57.44594,-30.07153],[-57.45889,-30.10248],[-57.48719,-30.12877],[-57.54896,-30.16604],[-57.58821,-30.17935],[-57.62826,-30.17436]]],[[[-56.69953,-27.57807],[-56.70252,-27.56676],[-56.69654,-27.54879],[-56.68737,-27.55312],[-56.68757,-27.56543],[-56.69953,-27.57807]]],[[[-56.70531,-27.56343],[-56.72384,-27.58573],[-56.74416,-27.59238],[-56.77265,-27.58739],[-56.73838,-27.56243],[-56.72523,-27.54546],[-56.71567,-27.51984],[-56.69973,-27.53648],[-56.70531,-27.56343]]],[[[-56.95697,-27.51618],[-56.92588,-27.53548],[-56.90974,-27.53947],[-56.88683,-27.56044],[-56.88145,-27.58273],[-56.90277,-27.56876],[-56.9221,-27.5601],[-56.93246,-27.53515],[-56.95697,-27.51618]]],[[[-56.91492,-27.42367],[-56.88344,-27.425],[-56.86172,-27.43731],[-56.83861,-27.46094],[-56.81868,-27.47358],[-56.80573,-27.47691],[-56.78341,-27.49421],[-56.75572,-27.50586],[-56.72942,-27.50187],[-56.72543,-27.51218],[-56.73778,-27.55012],[-56.74914,-27.5621],[-56.79856,-27.57341],[-56.81749,-27.58406],[-56.82546,-27.59371],[-56.8404,-27.59604],[-56.87487,-27.5804],[-56.88782,-27.55478],[-56.90934,-27.53248],[-56.93286,-27.52683],[-56.95976,-27.50819],[-56.97012,-27.49288],[-56.99343,-27.48523],[-57.0291,-27.48357],[-57.01794,-27.47325],[-56.99403,-27.46626],[-56.9757,-27.44663],[-56.95677,-27.44064],[-56.92867,-27.42333],[-56.91492,-27.42367]]],[[[-57.7526,-27.32018],[-57.7522,-27.32783],[-57.78269,-27.32783],[-57.78368,-27.3225],[-57.7526,-27.32018]]],[[[-57.82592,-27.30254],[-57.8062,-27.30753],[-57.79863,-27.32184],[-57.82054,-27.31751],[-57.82592,-27.30254]]],[[[-58.22304,-27.25628],[-58.18319,-27.26127],[-58.17562,-27.27126],[-58.21886,-27.26061],[-58.22304,-27.25628]]],[[[-57.56669,-27.38507],[-57.54039,-27.39438],[-57.50134,-27.40337],[-57.46208,-27.40903],[-57.44096,-27.40803],[-57.40768,-27.41368],[-57.4045,-27.41801],[-57.45491,-27.42899],[-57.49217,-27.43864],[-57.51469,-27.43199],[-57.54218,-27.41868],[-57.58084,-27.39605],[-57.56669,-27.38507]]]]}},{"type":"Feature","properties":{"provincia":"Chaco","indec":"22","source_name":"Chaco"},"geometry":{"type":"MultiPolygon","coordinates":[[[[-60.90902,-27.99936],[-61.10628,-27.99936],[-61.31132,-27.99936],[-61.49264,-27.99936],[-61.71123,-27.99936],[-61.71123,-27.79704],[-61.71123,-27.71384],[-61.71123,-27.43698],[-61.71123,-27.04431],[-61.71123,-26.92884],[-61.71123,-26.80937],[-61.71123,-26.75579],[-61.71123,-26.65363],[-61.71123,-26.48825],[-61.71123,-26.23434],[-61.71123,-26.01604],[-61.71123,-25.84367],[-61.71123,-25.65465],[-62.03621,-25.65365],[-62.24045,-25.65299],[-62.50247,-25.65199],[-62.79259,-25.65099],[-63.10423,-25.64999],[-63.42244,-25.649],[-63.21223,-25.40441],[-63.07095,-25.24035],[-62.71887,-24.83071],[-62.66327,-24.76648],[-62.44708,-24.51491],[-62.34167,-24.39245],[-62.34187,-24.10793],[-62.3339,-24.08663],[-62.31936,-24.08863],[-62.31159,-24.10127],[-62.31537,-24.11858],[-62.2799,-24.1279],[-62.25719,-24.13921],[-62.21774,-24.1452],[-62.21395,-24.15052],[-62.16553,-24.17349],[-62.18067,-24.18913],[-62.16274,-24.19711],[-62.13823,-24.18746],[-62.13764,-24.21741],[-62.08822,-24.2021],[-62.07646,-24.20144],[-62.08005,-24.22873],[-62.05993,-24.21309],[-62.05375,-24.21541],[-62.04199,-24.23738],[-62.00752,-24.23305],[-61.99078,-24.2457],[-61.9868,-24.22939],[-61.95751,-24.23438],[-61.95213,-24.25635],[-61.934,-24.27298],[-61.90789,-24.25934],[-61.90411,-24.27764],[-61.92025,-24.28397],[-61.91746,-24.29828],[-61.9051,-24.3046],[-61.88876,-24.27432],[-61.8794,-24.29062],[-61.8794,-24.30726],[-61.86605,-24.31025],[-61.84632,-24.30493],[-61.84792,-24.3219],[-61.83317,-24.31891],[-61.81344,-24.31358],[-61.79392,-24.33421],[-61.78555,-24.33055],[-61.78535,-24.31658],[-61.76184,-24.31458],[-61.74371,-24.33921],[-61.72956,-24.34653],[-61.73255,-24.35851],[-61.71103,-24.37015],[-61.71242,-24.3818],[-61.70385,-24.39378],[-61.69748,-24.41341],[-61.67576,-24.42306],[-61.65982,-24.42273],[-61.65524,-24.43271],[-61.63969,-24.43471],[-61.63113,-24.42373],[-61.61,-24.42373],[-61.60741,-24.44836],[-61.58709,-24.43904],[-61.58191,-24.45368],[-61.59645,-24.4793],[-61.57633,-24.49528],[-61.54485,-24.50959],[-61.52492,-24.51325],[-61.52094,-24.52389],[-61.52632,-24.53388],[-61.51755,-24.54852],[-61.5048,-24.55651],[-61.48646,-24.57481],[-61.46754,-24.60675],[-61.45578,-24.61175],[-61.44422,-24.60675],[-61.42749,-24.61807],[-61.40138,-24.61274],[-61.38126,-24.61374],[-61.3418,-24.63937],[-61.29996,-24.62672],[-61.2904,-24.62606],[-61.27605,-24.63903],[-61.26888,-24.62273],[-61.25573,-24.62406],[-61.25094,-24.64369],[-61.24337,-24.64935],[-61.23201,-24.6397],[-61.21926,-24.65268],[-61.20292,-24.65534],[-61.19814,-24.66432],[-61.21069,-24.67531],[-61.20432,-24.68462],[-61.2085,-24.6966],[-61.1836,-24.72123],[-61.17343,-24.71058],[-61.15749,-24.70958],[-61.17383,-24.73354],[-61.1561,-24.7402],[-61.14833,-24.75683],[-61.15968,-24.76449],[-61.15271,-24.78712],[-61.13797,-24.78579],[-61.14574,-24.79111],[-61.14295,-24.80908],[-61.10748,-24.8347],[-61.09433,-24.83404],[-61.09333,-24.84835],[-61.0738,-24.85633],[-61.07879,-24.86332],[-61.0471,-24.89028],[-61.03156,-24.88761],[-61.03096,-24.89926],[-61.01423,-24.92455],[-61.00008,-24.92222],[-60.99809,-24.93387],[-60.97976,-24.94452],[-60.97238,-24.94186],[-60.95863,-24.95483],[-60.94608,-24.9565],[-60.93672,-24.96648],[-60.93811,-24.98745],[-60.92516,-25.00541],[-60.90563,-25.00841],[-60.90065,-25.01906],[-60.87714,-25.01906],[-60.87634,-25.03437],[-60.8331,-25.03237],[-60.83171,-25.05134],[-60.81637,-25.07164],[-60.80282,-25.06498],[-60.7542,-25.07663],[-60.76575,-25.08728],[-60.75539,-25.09992],[-60.74423,-25.0906],[-60.73567,-25.10059],[-60.73826,-25.11456],[-60.71753,-25.12488],[-60.69442,-25.12355],[-60.65796,-25.1109],[-60.65955,-25.12455],[-60.67091,-25.14784],[-60.66453,-25.15949],[-60.62468,-25.16648],[-60.61173,-25.16049],[-60.60057,-25.17313],[-60.592,-25.16881],[-60.56191,-25.19243],[-60.55115,-25.19343],[-60.55115,-25.17213],[-60.52964,-25.1718],[-60.51728,-25.18411],[-60.48759,-25.2317],[-60.47504,-25.23736],[-60.45073,-25.25632],[-60.41945,-25.31789],[-60.40729,-25.30857],[-60.39693,-25.3312],[-60.38398,-25.32388],[-60.34851,-25.33852],[-60.35549,-25.35017],[-60.34512,-25.37745],[-60.32002,-25.37779],[-60.33596,-25.39276],[-60.32201,-25.40175],[-60.30467,-25.42238],[-60.28256,-25.43303],[-60.28017,-25.45599],[-60.27479,-25.46897],[-60.25845,-25.46298],[-60.22836,-25.48028],[-60.22298,-25.52554],[-60.23992,-25.55249],[-60.23872,-25.56081],[-60.22238,-25.5648],[-60.21322,-25.57945],[-60.22298,-25.58976],[-60.21999,-25.59975],[-60.19907,-25.60074],[-60.19708,-25.6094],[-60.18153,-25.63435],[-60.18911,-25.648],[-60.17297,-25.65399],[-60.16101,-25.64434],[-60.14248,-25.64201],[-60.12096,-25.65765],[-60.09824,-25.66929],[-60.06198,-25.68127],[-60.04464,-25.68261],[-60.04504,-25.69425],[-60.02392,-25.69592],[-60.00918,-25.73651],[-59.98248,-25.72087],[-59.98088,-25.73851],[-59.98606,-25.74849],[-59.97052,-25.76047],[-59.96434,-25.77345],[-59.94641,-25.76347],[-59.93067,-25.76613],[-59.88424,-25.80507],[-59.8695,-25.83535],[-59.8436,-25.85598],[-59.83622,-25.87595],[-59.82566,-25.87195],[-59.8167,-25.88094],[-59.82447,-25.89159],[-59.79478,-25.89658],[-59.77864,-25.91588],[-59.75552,-25.91887],[-59.75791,-25.93784],[-59.75134,-25.96313],[-59.73022,-25.97911],[-59.72125,-25.99108],[-59.69615,-26.00639],[-59.6822,-26.0004],[-59.67223,-26.00273],[-59.67861,-26.05398],[-59.66785,-26.07727],[-59.6826,-26.08959],[-59.66925,-26.11255],[-59.6549,-26.11554],[-59.65709,-26.13484],[-59.63278,-26.13651],[-59.63657,-26.11987],[-59.61883,-26.11721],[-59.59552,-26.13085],[-59.58476,-26.12186],[-59.56723,-26.14882],[-59.5473,-26.15082],[-59.53554,-26.14116],[-59.52837,-26.14915],[-59.51602,-26.14516],[-59.50924,-26.15913],[-59.49749,-26.15381],[-59.47736,-26.16246],[-59.467,-26.15215],[-59.43472,-26.15348],[-59.4146,-26.16745],[-59.41978,-26.1781],[-59.41878,-26.19607],[-59.41021,-26.20705],[-59.4138,-26.22502],[-59.40224,-26.23234],[-59.39527,-26.24965],[-59.39925,-26.2563],[-59.38112,-26.26795],[-59.38849,-26.30322],[-59.37793,-26.32086],[-59.36359,-26.32818],[-59.35741,-26.33783],[-59.34545,-26.32785],[-59.3335,-26.33584],[-59.31417,-26.31887],[-59.30859,-26.3405],[-59.27771,-26.34981],[-59.25041,-26.33916],[-59.2265,-26.3395],[-59.20179,-26.32652],[-59.19262,-26.32985],[-59.18465,-26.30622],[-59.1715,-26.30921],[-59.16752,-26.29857],[-59.14201,-26.30056],[-59.15516,-26.31487],[-59.13245,-26.33118],[-59.1177,-26.32485],[-59.11711,-26.34083],[-59.0914,-26.35015],[-59.06849,-26.37411],[-59.04298,-26.36545],[-59.02405,-26.38109],[-59.00612,-26.37544],[-58.9858,-26.3801],[-58.97484,-26.38841],[-58.9591,-26.3974],[-58.93937,-26.43301],[-58.92542,-26.44399],[-58.90988,-26.46262],[-58.89474,-26.46895],[-58.86584,-26.47493],[-58.85688,-26.50888],[-58.84552,-26.51919],[-58.8234,-26.52485],[-58.7969,-26.51886],[-58.7961,-26.53517],[-58.7706,-26.53883],[-58.76064,-26.56878],[-58.75247,-26.58375],[-58.75147,-26.59673],[-58.74091,-26.60438],[-58.72019,-26.60205],[-58.69548,-26.59407],[-58.68851,-26.60405],[-58.68432,-26.62601],[-58.67456,-26.64199],[-58.65324,-26.65929],[-58.64208,-26.65563],[-58.62534,-26.66428],[-58.61099,-26.68159],[-58.59386,-26.68824],[-58.57971,-26.68591],[-58.57055,-26.70355],[-58.56915,-26.72784],[-58.55799,-26.72917],[-58.54962,-26.74881],[-58.53428,-26.73816],[-58.53289,-26.75779],[-58.52133,-26.75713],[-58.49742,-26.7894],[-58.48726,-26.78441],[-58.48566,-26.80604],[-58.47889,-26.82301],[-58.45896,-26.81736],[-58.44521,-26.81836],[-58.44641,-26.832],[-58.42768,-26.82468],[-58.4223,-26.83533],[-58.39301,-26.84231],[-58.39659,-26.86062],[-58.37727,-26.87226],[-58.38026,-26.8879],[-58.45956,-26.9295],[-58.48148,-26.93349],[-58.48765,-26.94281],[-58.48427,-26.95712],[-58.47052,-26.98141],[-58.47072,-27.00238],[-58.47769,-27.00504],[-58.49582,-26.99639],[-58.51934,-27.00205],[-58.51934,-27.0117],[-58.5028,-27.03366],[-58.5024,-27.05595],[-58.51714,-27.06261],[-58.51814,-27.04963],[-58.52711,-27.03732],[-58.55301,-27.03466],[-58.56178,-27.04098],[-58.555,-27.05795],[-58.55739,-27.0879],[-58.5548,-27.10887],[-58.6098,-27.11086],[-58.6369,-27.11752],[-58.65224,-27.1305],[-58.6628,-27.16244],[-58.66161,-27.18673],[-58.64945,-27.19638],[-58.61259,-27.21036],[-58.59745,-27.22101],[-58.59187,-27.23266],[-58.59266,-27.25495],[-58.61618,-27.29954],[-58.61657,-27.31851],[-58.66878,-27.35911],[-58.70783,-27.3661],[-58.74549,-27.3824],[-58.77279,-27.37808],[-58.79351,-27.39305],[-58.80866,-27.42367],[-58.85728,-27.46726],[-58.87481,-27.48856],[-58.88139,-27.49788],[-58.88119,-27.52882],[-58.8778,-27.54912],[-58.87142,-27.55944],[-58.87142,-27.57974],[-58.88278,-27.59937],[-58.88278,-27.60869],[-58.86903,-27.62366],[-58.83556,-27.64662],[-58.8244,-27.66925],[-58.81882,-27.68123],[-58.80965,-27.78339],[-58.8234,-27.8393],[-58.84313,-27.87624],[-58.84353,-27.91417],[-58.82918,-27.96176],[-58.84213,-27.99171],[-58.86066,-28.02099],[-58.85967,-28.05028],[-58.88079,-28.06692],[-58.89234,-28.04562],[-58.89374,-28.0353],[-58.88398,-27.99936],[-59.22949,-27.99936],[-59.40125,-27.99936],[-59.69176,-27.99936],[-59.81112,-27.99936],[-60.21561,-27.99936],[-60.64441,-27.99936],[-60.90902,-27.99936]]]]}},{"type":"Feature","properties":{"provincia":"Chubut","indec":"26","source_name":"Chubut"},"geometry":{"type":"MultiPolygon","coordinates":[[[[-66.36646,-45.04193],[-66.37463,-45.05591],[-66.39854,-45.05325],[-66.42663,-45.07122],[-66.46529,-45.07654],[-66.49398,-45.09784],[-66.51251,-45.09518],[-66.53064,-45.11015],[-66.53503,-45.13811],[-66.52447,-45.14909],[-66.46569,-45.14376],[-66.47286,-45.16439],[-66.50673,-45.16439],[-66.50932,-45.15441],[-66.53443,-45.15009],[-66.55555,-45.14143],[-66.59201,-45.13777],[-66.60198,-45.14842],[-66.59939,-45.16506],[-66.58823,-45.17504],[-66.54061,-45.1787],[-66.52805,-45.18669],[-66.51829,-45.22263],[-66.55455,-45.21331],[-66.61114,-45.21198],[-66.63047,-45.21564],[-66.66753,-45.21231],[-66.70539,-45.22429],[-66.75062,-45.22296],[-66.78171,-45.23161],[-66.79864,-45.22829],[-66.82574,-45.23461],[-66.84128,-45.22995],[-66.88891,-45.2416],[-66.93912,-45.26123],[-66.96562,-45.27388],[-66.99013,-45.29384],[-67.01603,-45.30749],[-67.03596,-45.32213],[-67.06864,-45.35174],[-67.07262,-45.36273],[-67.09075,-45.37737],[-67.1057,-45.396],[-67.12323,-45.40832],[-67.15093,-45.43693],[-67.16787,-45.46089],[-67.20812,-45.50449],[-67.22186,-45.52745],[-67.23302,-45.53144],[-67.28443,-45.56938],[-67.30436,-45.59101],[-67.34142,-45.61963],[-67.35576,-45.63793],[-67.36154,-45.66821],[-67.35915,-45.72345],[-67.37509,-45.72977],[-67.37748,-45.74675],[-67.36852,-45.75407],[-67.3737,-45.76904],[-67.36613,-45.7757],[-67.37689,-45.79134],[-67.39283,-45.78634],[-67.4265,-45.81064],[-67.45479,-45.81962],[-67.46257,-45.82994],[-67.47392,-45.86022],[-67.49903,-45.87486],[-67.51437,-45.89483],[-67.55203,-45.92578],[-67.55741,-45.93875],[-67.54805,-45.95406],[-67.56817,-45.96538],[-67.59268,-45.988],[-67.59567,-45.99965],[-67.93719,-45.99965],[-68.18029,-45.99965],[-68.36321,-45.99965],[-68.63858,-45.99965],[-69.00401,-45.99965],[-69.27062,-45.99965],[-69.64801,-45.99965],[-69.65618,-45.99965],[-69.89569,-45.99965],[-70.1053,-45.99965],[-70.39283,-45.99965],[-70.78736,-45.99965],[-71.05118,-45.99965],[-71.28311,-45.99965],[-71.64456,-45.99965],[-71.64576,-45.98568],[-71.6344,-45.97669],[-71.61806,-45.98002],[-71.61447,-45.96571],[-71.62344,-45.93709],[-71.64117,-45.92478],[-71.64675,-45.90481],[-71.6609,-45.88385],[-71.69039,-45.86521],[-71.71849,-45.85423],[-71.75535,-45.8549],[-71.7689,-45.84358],[-71.74339,-45.80831],[-71.74479,-45.79932],[-71.76113,-45.78668],[-71.75495,-45.77403],[-71.77129,-45.74375],[-71.7952,-45.73011],[-71.80138,-45.71912],[-71.7948,-45.70681],[-71.78006,-45.70182],[-71.77308,-45.68119],[-71.7956,-45.66688],[-71.77189,-45.64092],[-71.77946,-45.62196],[-71.76332,-45.62062],[-71.7422,-45.60465],[-71.73144,-45.59001],[-71.7426,-45.57936],[-71.76292,-45.5767],[-71.76352,-45.56039],[-71.7402,-45.54142],[-71.70474,-45.53643],[-71.68262,-45.52778],[-71.68222,-45.51514],[-71.64635,-45.51846],[-71.62364,-45.51148],[-71.60491,-45.52246],[-71.57642,-45.51946],[-71.54453,-45.52046],[-71.5258,-45.50948],[-71.4742,-45.49617],[-71.46981,-45.48219],[-71.48416,-45.46988],[-71.50867,-45.46089],[-71.51026,-45.44559],[-71.53397,-45.43228],[-71.52082,-45.42595],[-71.52959,-45.41098],[-71.5278,-45.39134],[-71.48775,-45.38569],[-71.45547,-45.38635],[-71.44869,-45.36971],[-71.41163,-45.35441],[-71.38274,-45.34942],[-71.37178,-45.33943],[-71.34867,-45.33145],[-71.33312,-45.3198],[-71.32017,-45.29717],[-71.32854,-45.27854],[-71.35046,-45.26789],[-71.33292,-45.25291],[-71.33691,-45.23661],[-71.37098,-45.22463],[-71.37855,-45.20699],[-71.3921,-45.20233],[-71.41821,-45.17604],[-71.42777,-45.15741],[-71.47001,-45.14875],[-71.49153,-45.10782],[-71.51305,-45.09651],[-71.50528,-45.08386],[-71.50668,-45.06789],[-71.54573,-45.03461],[-71.55808,-45.03162],[-71.54155,-44.99934],[-71.55071,-44.99701],[-71.56207,-44.97804],[-71.57741,-44.98104],[-71.60152,-44.97072],[-71.61288,-44.97538],[-71.6354,-44.97006],[-71.65731,-44.97571],[-71.6872,-44.96739],[-71.71111,-44.95508],[-71.74499,-44.95674],[-71.75057,-44.93245],[-71.76013,-44.9248],[-71.77806,-44.94011],[-71.80715,-44.93046],[-71.81732,-44.91981],[-71.85438,-44.93245],[-71.86494,-44.94776],[-71.90917,-44.94809],[-71.93508,-44.93944],[-71.94783,-44.92047],[-71.97393,-44.92081],[-71.97772,-44.90417],[-72.01936,-44.89751],[-72.03371,-44.90483],[-72.05045,-44.88154],[-72.06459,-44.87488],[-72.03829,-44.86457],[-72.06539,-44.84826],[-72.02873,-44.80533],[-72.04646,-44.79402],[-72.06778,-44.78803],[-72.06698,-44.75974],[-72.05722,-44.75642],[-72.01578,-44.77206],[-72.00063,-44.78637],[-71.9825,-44.78004],[-71.94524,-44.79136],[-71.9285,-44.804],[-71.91256,-44.77705],[-71.8755,-44.79435],[-71.85019,-44.80034],[-71.81074,-44.78503],[-71.82529,-44.77605],[-71.78942,-44.75309],[-71.74917,-44.76174],[-71.73602,-44.76873],[-71.70494,-44.76973],[-71.687,-44.76507],[-71.67405,-44.77172],[-71.67186,-44.78703],[-71.61706,-44.77705],[-71.59534,-44.77938],[-71.59216,-44.76274],[-71.5816,-44.75242],[-71.56944,-44.75875],[-71.53118,-44.74311],[-71.51963,-44.74543],[-71.48854,-44.73645],[-71.46941,-44.73778],[-71.45128,-44.75209],[-71.43136,-44.75708],[-71.42996,-44.7644],[-71.40804,-44.77705],[-71.39629,-44.78936],[-71.37377,-44.79635],[-71.35823,-44.79036],[-71.3383,-44.79768],[-71.32834,-44.80866],[-71.30423,-44.80633],[-71.28988,-44.80966],[-71.26179,-44.805],[-71.24864,-44.79801],[-71.25382,-44.78537],[-71.23808,-44.76939],[-71.20839,-44.75309],[-71.20221,-44.72281],[-71.21417,-44.71515],[-71.20998,-44.69818],[-71.19783,-44.68953],[-71.21377,-44.67655],[-71.2327,-44.65392],[-71.2317,-44.63828],[-71.21377,-44.63296],[-71.21457,-44.61665],[-71.20122,-44.61],[-71.18886,-44.59369],[-71.17631,-44.59968],[-71.16435,-44.59269],[-71.14562,-44.59203],[-71.11932,-44.59702],[-71.0972,-44.58604],[-71.10537,-44.57506],[-71.098,-44.56008],[-71.09143,-44.53246],[-71.13427,-44.50584],[-71.15838,-44.50451],[-71.16356,-44.49819],[-71.14981,-44.48388],[-71.13008,-44.47323],[-71.15359,-44.45992],[-71.16933,-44.44062],[-71.18388,-44.44095],[-71.20919,-44.43329],[-71.22493,-44.43562],[-71.23369,-44.42265],[-71.25083,-44.41732],[-71.26757,-44.42398],[-71.30822,-44.42431],[-71.32456,-44.42764],[-71.33352,-44.41932],[-71.34926,-44.42464],[-71.35265,-44.40335],[-71.38892,-44.38538],[-71.40844,-44.3927],[-71.4188,-44.38904],[-71.44351,-44.39602],[-71.46563,-44.3887],[-71.48655,-44.39902],[-71.50887,-44.3937],[-71.53915,-44.40667],[-71.55868,-44.409],[-71.58319,-44.40501],[-71.58877,-44.39869],[-71.61109,-44.40201],[-71.63838,-44.39869],[-71.65791,-44.409],[-71.66927,-44.40834],[-71.69457,-44.39636],[-71.69517,-44.38172],[-71.7135,-44.37939],[-71.72048,-44.39037],[-71.73642,-44.39902],[-71.75156,-44.39969],[-71.80297,-44.41965],[-71.81532,-44.41466],[-71.80436,-44.40102],[-71.8209,-44.39236],[-71.81851,-44.37606],[-71.83943,-44.35243],[-71.81453,-44.34012],[-71.78842,-44.33313],[-71.794,-44.30451],[-71.80875,-44.28821],[-71.80536,-44.24728],[-71.81293,-44.23862],[-71.80058,-44.21466],[-71.79898,-44.19337],[-71.81054,-44.18671],[-71.82808,-44.16674],[-71.8476,-44.1551],[-71.84123,-44.14645],[-71.85159,-44.12648],[-71.8478,-44.11117],[-71.82449,-44.11417],[-71.78125,-44.1115],[-71.7685,-44.10718],[-71.75057,-44.09154],[-71.74598,-44.0759],[-71.72207,-44.04961],[-71.71191,-44.02066],[-71.69617,-44.00635],[-71.67863,-43.97074],[-71.6611,-43.96375],[-71.64954,-43.9348],[-71.65074,-43.92382],[-71.66728,-43.90119],[-71.69517,-43.90252],[-71.70713,-43.89454],[-71.70454,-43.86825],[-71.70872,-43.8556],[-71.73203,-43.8596],[-71.75694,-43.84562],[-71.76332,-43.8373],[-71.75674,-43.81567],[-71.74937,-43.80868],[-71.75355,-43.78905],[-71.73602,-43.7784],[-71.72944,-43.76209],[-71.70195,-43.73847],[-71.69677,-43.72616],[-71.6597,-43.7165],[-71.6617,-43.70353],[-71.63679,-43.70353],[-71.62822,-43.6982],[-71.6067,-43.7002],[-71.60272,-43.68689],[-71.58837,-43.67557],[-71.5814,-43.65161],[-71.59116,-43.63797],[-71.6077,-43.62865],[-71.65074,-43.62067],[-71.69059,-43.62699],[-71.70334,-43.623],[-71.71012,-43.59438],[-71.71948,-43.57874],[-71.7424,-43.58606],[-71.75734,-43.58439],[-71.76491,-43.57508],[-71.76312,-43.55644],[-71.78265,-43.54213],[-71.79998,-43.54113],[-71.82847,-43.55012],[-71.84561,-43.54812],[-71.87749,-43.55112],[-71.87849,-43.52749],[-71.85956,-43.50852],[-71.8486,-43.4829],[-71.88048,-43.45195],[-71.90599,-43.45661],[-71.93109,-43.45661],[-71.92272,-43.42666],[-71.91455,-43.41535],[-71.92631,-43.40503],[-71.93289,-43.3864],[-71.91196,-43.38673],[-71.9024,-43.37974],[-71.89024,-43.35977],[-71.902,-43.3438],[-71.90678,-43.3245],[-71.87191,-43.32849],[-71.84003,-43.33515],[-71.80118,-43.31252],[-71.79141,-43.29754],[-71.7687,-43.30021],[-71.76152,-43.31385],[-71.74698,-43.32017],[-71.73164,-43.30919],[-71.73622,-43.28856],[-71.73064,-43.28357],[-71.74618,-43.26693],[-71.74738,-43.25029],[-71.75714,-43.228],[-71.7424,-43.223],[-71.72944,-43.19971],[-71.7426,-43.17841],[-71.75455,-43.17675],[-71.76053,-43.16477],[-71.78364,-43.16876],[-71.78902,-43.15978],[-71.81672,-43.14514],[-71.85737,-43.14247],[-71.85657,-43.12916],[-71.88646,-43.12717],[-71.89264,-43.10687],[-71.93328,-43.09855],[-71.93488,-43.05629],[-71.94365,-43.0463],[-71.98051,-43.03599],[-72.00263,-43.03732],[-72.01936,-43.01802],[-72.0373,-43.01169],[-72.0373,-42.99472],[-72.05862,-42.98041],[-72.05623,-42.97476],[-72.07316,-42.94947],[-72.09349,-42.9498],[-72.11859,-42.93349],[-72.11421,-42.92251],[-72.13254,-42.9112],[-72.14171,-42.89556],[-72.12058,-42.87659],[-72.13493,-42.8676],[-72.13433,-42.85263],[-72.14589,-42.85163],[-72.15585,-42.81469],[-72.16502,-42.79839],[-72.14928,-42.79872],[-72.13872,-42.7894],[-72.13413,-42.75845],[-72.14709,-42.74182],[-72.13553,-42.72684],[-72.13772,-42.71187],[-72.17976,-42.69722],[-72.17379,-42.67426],[-72.14908,-42.68125],[-72.12258,-42.6726],[-72.11859,-42.66129],[-72.09608,-42.64198],[-72.11361,-42.631],[-72.117,-42.60471],[-72.10345,-42.60039],[-72.09229,-42.58209],[-72.07496,-42.56611],[-72.06539,-42.57244],[-72.05124,-42.56412],[-72.05383,-42.54548],[-72.04268,-42.53816],[-72.02893,-42.51753],[-72.02833,-42.50522],[-72.01259,-42.4949],[-72.02076,-42.47859],[-72.03451,-42.4563],[-72.04686,-42.44864],[-72.03291,-42.43001],[-72.02853,-42.40738],[-72.03889,-42.40006],[-72.05941,-42.3964],[-72.07715,-42.38242],[-72.0891,-42.39607],[-72.11301,-42.39806],[-72.13194,-42.38442],[-72.13095,-42.35913],[-72.13892,-42.34582],[-72.13792,-42.32652],[-72.12078,-42.32385],[-72.14051,-42.28991],[-72.16801,-42.25996],[-72.15466,-42.24466],[-72.16621,-42.21404],[-72.15685,-42.19374],[-72.18455,-42.17677],[-72.18773,-42.1588],[-72.17937,-42.15614],[-72.171,-42.1395],[-72.12098,-42.15481],[-72.10504,-42.14516],[-72.06619,-42.14615],[-72.08014,-42.13218],[-72.06599,-42.11754],[-72.05204,-42.11388],[-72.04028,-42.12685],[-72.03052,-42.12186],[-72.01299,-42.1365],[-71.98549,-42.1395],[-71.97035,-42.14516],[-71.95759,-42.14116],[-71.95361,-42.16512],[-71.94026,-42.17244],[-71.92691,-42.18975],[-71.89523,-42.18043],[-71.87988,-42.16712],[-71.8745,-42.15481],[-71.8492,-42.15414],[-71.83485,-42.16246],[-71.80337,-42.14549],[-71.79042,-42.14982],[-71.77687,-42.14383],[-71.77308,-42.12885],[-71.74837,-42.12952],[-71.73283,-42.12386],[-71.72606,-42.10955],[-71.7418,-42.0826],[-71.73961,-42.07228],[-71.72466,-42.0583],[-71.72845,-42.04532],[-71.74558,-42.03734],[-71.77368,-41.99974],[-71.48954,-42.00007],[-71.17491,-42.00007],[-70.9906,-42.00007],[-70.37311,-42.00007],[-70.20892,-42.00007],[-69.42803,-42.00007],[-69.38958,-42.00007],[-69.33558,-42.00007],[-68.38931,-42.00007],[-68.08564,-42.00007],[-66.87695,-42.00007],[-65.97352,-42.0004],[-65.72804,-42.0004],[-65.5228,-42.0004],[-65.28768,-42.0004],[-65.0693,-42.0004],[-65.0685,-42.01471],[-65.0426,-42.0603],[-65.0139,-42.09324],[-64.98222,-42.1212],[-64.9599,-42.1375],[-64.90531,-42.16945],[-64.88518,-42.17877],[-64.83039,-42.19674],[-64.7997,-42.1964],[-64.75108,-42.21204],[-64.69689,-42.21637],[-64.66341,-42.22402],[-64.61419,-42.23068],[-64.53907,-42.23634],[-64.47352,-42.237],[-64.49066,-42.26129],[-64.50859,-42.27693],[-64.54306,-42.29324],[-64.5586,-42.30755],[-64.56876,-42.32685],[-64.56677,-42.3375],[-64.57793,-42.35746],[-64.59327,-42.36911],[-64.59546,-42.38475],[-64.61778,-42.39474],[-64.61778,-42.41969],[-64.61001,-42.42635],[-64.5853,-42.42701],[-64.57893,-42.42202],[-64.55621,-42.43201],[-64.53788,-42.42502],[-64.50301,-42.43034],[-64.49125,-42.42801],[-64.4773,-42.43833],[-64.4522,-42.43567],[-64.42829,-42.43933],[-64.41673,-42.43267],[-64.38445,-42.42934],[-64.36851,-42.42302],[-64.35755,-42.42668],[-64.33364,-42.41969],[-64.30037,-42.40405],[-64.28941,-42.41503],[-64.24677,-42.41503],[-64.21528,-42.42202],[-64.17942,-42.4177],[-64.12582,-42.42968],[-64.11605,-42.42468],[-64.09912,-42.40405],[-64.06783,-42.38508],[-64.05687,-42.38276],[-64.04253,-42.34648],[-64.06106,-42.33018],[-64.04432,-42.31287],[-64.0495,-42.29191],[-64.05907,-42.27527],[-64.08895,-42.25397],[-64.10788,-42.25098],[-64.12861,-42.24066],[-64.15172,-42.23966],[-64.18619,-42.24832],[-64.20751,-42.24199],[-64.22963,-42.24133],[-64.24218,-42.23467],[-64.27068,-42.23933],[-64.31292,-42.25231],[-64.35755,-42.24466],[-64.36971,-42.23534],[-64.29339,-42.22103],[-64.23541,-42.21238],[-64.14355,-42.19674],[-64.10589,-42.18409],[-64.07521,-42.17843],[-64.05588,-42.16612],[-64.00507,-42.14216],[-63.99092,-42.13917],[-63.96382,-42.11454],[-63.9415,-42.11321],[-63.93134,-42.10423],[-63.8895,-42.08759],[-63.84726,-42.07827],[-63.79764,-42.07195],[-63.75779,-42.07727],[-63.73906,-42.0979],[-63.71615,-42.15081],[-63.70459,-42.16645],[-63.69742,-42.18642],[-63.67689,-42.2187],[-63.63764,-42.26163],[-63.60855,-42.30222],[-63.59838,-42.33417],[-63.59958,-42.35813],[-63.60516,-42.37843],[-63.60855,-42.41004],[-63.60835,-42.44265],[-63.60376,-42.50089],[-63.60416,-42.54714],[-63.59002,-42.57077],[-63.58324,-42.60638],[-63.60058,-42.62435],[-63.61692,-42.65463],[-63.62309,-42.67693],[-63.63983,-42.69989],[-63.63246,-42.76511],[-63.65497,-42.77842],[-63.71874,-42.80438],[-63.73288,-42.8127],[-63.75062,-42.8097],[-63.79047,-42.81403],[-63.82594,-42.82468],[-63.87973,-42.83466],[-63.90624,-42.83699],[-63.91879,-42.84364],[-63.93852,-42.84198],[-63.98056,-42.8503],[-64.01085,-42.86062],[-64.06484,-42.86794],[-64.10689,-42.87859],[-64.14514,-42.87393],[-64.1581,-42.85729],[-64.19237,-42.83333],[-64.2113,-42.80904],[-64.24198,-42.78308],[-64.26012,-42.74714],[-64.24617,-42.71586],[-64.24856,-42.68192],[-64.21209,-42.63233],[-64.21389,-42.62202],[-64.22684,-42.6147],[-64.27347,-42.61769],[-64.25673,-42.59639],[-64.2653,-42.58308],[-64.28243,-42.5731],[-64.30893,-42.58608],[-64.31053,-42.5558],[-64.32986,-42.53783],[-64.34779,-42.53051],[-64.36034,-42.53417],[-64.40099,-42.5172],[-64.48946,-42.50022],[-64.51477,-42.50189],[-64.56318,-42.49157],[-64.59805,-42.49623],[-64.63133,-42.4969],[-64.64488,-42.50355],[-64.67198,-42.50788],[-64.69071,-42.5152],[-64.72299,-42.53483],[-64.7455,-42.54282],[-64.78117,-42.56678],[-64.79173,-42.58042],[-64.8268,-42.60139],[-64.83397,-42.6107],[-64.86386,-42.61869],[-64.8796,-42.61337],[-64.92324,-42.61669],[-64.9603,-42.63699],[-64.98501,-42.65363],[-64.99597,-42.69722],[-65.01689,-42.7102],[-65.03602,-42.7305],[-65.03542,-42.76112],[-65.02626,-42.77376],[-65.00753,-42.78441],[-64.99936,-42.77975],[-64.96508,-42.7934],[-64.95711,-42.78541],[-64.93759,-42.80005],[-64.91089,-42.8127],[-64.89096,-42.81602],[-64.87462,-42.83566],[-64.85729,-42.83632],[-64.83796,-42.84032],[-64.81744,-42.83899],[-64.77758,-42.85795],[-64.73076,-42.87326],[-64.70306,-42.88591],[-64.69629,-42.89822],[-64.64847,-42.91452],[-64.61898,-42.92151],[-64.55482,-42.92384],[-64.54366,-42.91985],[-64.52413,-42.92484],[-64.49404,-42.94813],[-64.43327,-42.9508],[-64.39681,-42.95945],[-64.36831,-42.95313],[-64.33025,-42.93582],[-64.30774,-42.97875],[-64.33284,-43.00371],[-64.3701,-43.01469],[-64.42271,-43.03931],[-64.45897,-43.0646],[-64.48249,-43.06993],[-64.55223,-43.09322],[-64.68254,-43.12583],[-64.75766,-43.15046],[-64.79612,-43.16577],[-64.88917,-43.20736],[-64.97624,-43.25495],[-65.00175,-43.27492],[-65.0416,-43.31585],[-65.05615,-43.34513],[-65.04359,-43.38107],[-65.05256,-43.4027],[-65.08922,-43.42766],[-65.13864,-43.46693],[-65.1741,-43.50553],[-65.19403,-43.5398],[-65.25062,-43.56842],[-65.31637,-43.63531],[-65.33291,-43.6576],[-65.34168,-43.6779],[-65.34387,-43.7022],[-65.35124,-43.7195],[-65.35324,-43.75877],[-65.35005,-43.77541],[-65.32195,-43.78273],[-65.31119,-43.7957],[-65.32235,-43.80669],[-65.32116,-43.82],[-65.32853,-43.84562],[-65.31657,-43.86226],[-65.31578,-43.8769],[-65.30043,-43.92948],[-65.2831,-43.96209],[-65.26297,-43.96808],[-65.23448,-43.97041],[-65.25201,-43.98206],[-65.25759,-43.9957],[-65.24644,-44.00835],[-65.25162,-44.02765],[-65.23468,-44.04062],[-65.21714,-44.04428],[-65.21874,-44.05893],[-65.23587,-44.06858],[-65.24165,-44.08821],[-65.23408,-44.09653],[-65.23229,-44.11883],[-65.21774,-44.12448],[-65.23328,-44.14511],[-65.27632,-44.14678],[-65.29426,-44.16142],[-65.30661,-44.18105],[-65.31159,-44.21699],[-65.30263,-44.24461],[-65.29346,-44.25826],[-65.27015,-44.27157],[-65.27473,-44.28355],[-65.2548,-44.33247],[-65.24265,-44.33812],[-65.22751,-44.33413],[-65.22153,-44.36408],[-65.23607,-44.38571],[-65.26417,-44.39037],[-65.26855,-44.40268],[-65.28529,-44.41],[-65.2823,-44.42231],[-65.31358,-44.42864],[-65.30761,-44.44028],[-65.32753,-44.4486],[-65.33431,-44.45992],[-65.31079,-44.47256],[-65.32315,-44.48787],[-65.31637,-44.49386],[-65.29545,-44.49086],[-65.29067,-44.50351],[-65.31099,-44.51982],[-65.32395,-44.50883],[-65.34088,-44.50617],[-65.37515,-44.51582],[-65.36958,-44.54211],[-65.38811,-44.54311],[-65.39408,-44.55875],[-65.37635,-44.57506],[-65.39249,-44.5857],[-65.40524,-44.58604],[-65.41521,-44.57273],[-65.43513,-44.56973],[-65.46163,-44.57572],[-65.471,-44.58471],[-65.46502,-44.59402],[-65.52101,-44.60933],[-65.54891,-44.62297],[-65.57282,-44.64594],[-65.59812,-44.64327],[-65.64475,-44.67023],[-65.66248,-44.68454],[-65.68221,-44.70683],[-65.69656,-44.73678],[-65.69476,-44.77106],[-65.70253,-44.80134],[-65.72844,-44.80999],[-65.72465,-44.83362],[-65.72884,-44.84826],[-65.70373,-44.87555],[-65.67065,-44.88187],[-65.66487,-44.89052],[-65.63738,-44.8842],[-65.61765,-44.88753],[-65.59812,-44.90716],[-65.59234,-44.89784],[-65.57282,-44.89551],[-65.55389,-44.91182],[-65.52559,-44.92413],[-65.53675,-44.93778],[-65.5509,-44.94044],[-65.57541,-44.9614],[-65.59314,-44.95674],[-65.60669,-44.97638],[-65.6051,-44.98436],[-65.58477,-44.99867],[-65.58876,-45.00766],[-65.61526,-45.00001],[-65.62542,-45.00999],[-65.6039,-45.02563],[-65.61088,-45.03295],[-65.67284,-45.04426],[-65.6838,-45.03827],[-65.69755,-45.04493],[-65.73681,-45.04027],[-65.74039,-45.02396],[-65.7651,-45.0213],[-65.77805,-45.02663],[-65.79857,-45.02463],[-65.82009,-45.0406],[-65.82866,-45.03927],[-65.82468,-45.01365],[-65.84939,-45.00167],[-65.8729,-45.00233],[-65.89302,-45.00899],[-65.89422,-45.02363],[-65.91115,-45.03195],[-65.93188,-45.04892],[-65.95798,-45.04393],[-65.98687,-45.01698],[-66.0052,-45.00533],[-66.04246,-45.00034],[-66.0602,-44.99468],[-66.0859,-44.99701],[-66.09268,-44.98936],[-66.11898,-44.98536],[-66.14827,-44.99102],[-66.19669,-44.98303],[-66.22737,-45.00466],[-66.2744,-45.04892],[-66.30768,-45.04693],[-66.35928,-45.03961],[-66.36646,-45.04193]]],[[[-65.99305,-45.09118],[-66.0066,-45.10483],[-66.01975,-45.08653],[-66.00959,-45.07954],[-65.99305,-45.09118]]],[[[-65.59753,-45.04327],[-65.58657,-45.05225],[-65.60828,-45.06024],[-65.62403,-45.04593],[-65.59753,-45.04327]]]]}},{"type":"Feature","properties":{"provincia":"Entre Ríos","indec":"30","source_name":"Entre Ríos"},"geometry":{"type":"MultiPolygon","coordinates":[[[[-58.18459,-32.38064],[-58.18439,-32.39261],[-58.19415,-32.41125],[-58.19614,-32.43155],[-58.20411,-32.46483],[-58.18777,-32.51474],[-58.18797,-32.53105],[-58.16984,-32.55168],[-58.16087,-32.56998],[-58.15968,-32.5996],[-58.14972,-32.63155],[-58.15051,-32.65018],[-58.14513,-32.67114],[-58.15011,-32.73204],[-58.13975,-32.756],[-58.13457,-32.78262],[-58.11923,-32.81856],[-58.12421,-32.8332],[-58.12182,-32.86482],[-58.11544,-32.88112],[-58.11704,-32.90974],[-58.11445,-32.92372],[-58.10448,-32.94102],[-58.08834,-32.95666],[-58.08456,-32.9936],[-58.08874,-33.01057],[-58.11405,-33.03021],[-58.13457,-33.03753],[-58.17681,-33.07713],[-58.20551,-33.08478],[-58.23958,-33.09743],[-58.27405,-33.10475],[-58.30474,-33.10475],[-58.34818,-33.1154],[-58.37129,-33.13004],[-58.38424,-33.154],[-58.40437,-33.17995],[-58.40975,-33.23087],[-58.39759,-33.25616],[-58.39062,-33.27978],[-58.39719,-33.31373],[-58.43186,-33.36497],[-58.43107,-33.41223],[-58.44262,-33.44451],[-58.43366,-33.49509],[-58.43844,-33.51772],[-58.4476,-33.54367],[-58.47769,-33.56397],[-58.49323,-33.58061],[-58.49423,-33.58893],[-58.4763,-33.64816],[-58.4474,-33.68776],[-58.43485,-33.72004],[-58.43784,-33.76031],[-58.43366,-33.82919],[-58.42349,-33.91638],[-58.40476,-33.96396],[-58.38743,-33.98526],[-58.41931,-34.0039],[-58.42688,-34.0039],[-58.47729,-34.00256],[-58.55321,-34.02652],[-58.57871,-34.02719],[-58.59605,-34.03551],[-58.63052,-34.03984],[-58.65045,-34.03684],[-58.67535,-34.02553],[-58.68392,-34.0192],[-58.73354,-33.96663],[-58.76382,-33.94533],[-58.79033,-33.94533],[-58.81563,-33.95465],[-58.83715,-33.95365],[-58.85488,-33.94732],[-58.87122,-33.93335],[-58.89972,-33.89109],[-58.92144,-33.87911],[-58.93957,-33.87345],[-58.9581,-33.87511],[-58.97783,-33.87045],[-58.98659,-33.8608],[-58.98878,-33.84616],[-59.00413,-33.84184],[-59.01509,-33.84783],[-59.02884,-33.84616],[-59.04019,-33.83651],[-59.0663,-33.83285],[-59.11252,-33.84849],[-59.13863,-33.84383],[-59.15975,-33.82387],[-59.16812,-33.80922],[-59.17788,-33.80656],[-59.22271,-33.81355],[-59.24224,-33.80756],[-59.25479,-33.79392],[-59.2518,-33.77262],[-59.23985,-33.75465],[-59.23546,-33.74001],[-59.23985,-33.73002],[-59.25419,-33.72237],[-59.3072,-33.72936],[-59.3337,-33.72936],[-59.37773,-33.73635],[-59.42536,-33.73269],[-59.44907,-33.72437],[-59.4678,-33.7044],[-59.47577,-33.65848],[-59.48912,-33.64317],[-59.50426,-33.63352],[-59.53136,-33.63552],[-59.55487,-33.65116],[-59.58277,-33.67878],[-59.60807,-33.69508],[-59.61883,-33.69209],[-59.63139,-33.67778],[-59.63637,-33.64251],[-59.65231,-33.62487],[-59.66446,-33.61755],[-59.69535,-33.61089],[-59.70631,-33.61988],[-59.72464,-33.62287],[-59.74975,-33.61921],[-59.7886,-33.60457],[-59.80952,-33.58327],[-59.80693,-33.55332],[-59.82327,-33.53003],[-59.83921,-33.52138],[-59.87607,-33.51572],[-59.90756,-33.50108],[-59.9235,-33.48011],[-59.94282,-33.47246],[-59.99941,-33.47013],[-60.04484,-33.4475],[-60.07214,-33.42454],[-60.08709,-33.39426],[-60.111,-33.37296],[-60.1381,-33.35898],[-60.16559,-33.35066],[-60.17615,-33.33902],[-60.1905,-33.30308],[-60.20066,-33.2921],[-60.22816,-33.28045],[-60.25944,-33.26181],[-60.2979,-33.24218],[-60.2987,-33.22654],[-60.28455,-33.2099],[-60.29431,-33.19193],[-60.30308,-33.18361],[-60.32938,-33.17696],[-60.34293,-33.17796],[-60.36047,-33.18029],[-60.38258,-33.18927],[-60.39793,-33.18694],[-60.42423,-33.17396],[-60.44057,-33.15699],[-60.49337,-33.13137],[-60.5131,-33.11307],[-60.53482,-33.07779],[-60.5647,-33.04219],[-60.58583,-33.02488],[-60.61053,-32.99127],[-60.61691,-32.954],[-60.62568,-32.94136],[-60.65019,-32.92671],[-60.67629,-32.89976],[-60.68187,-32.87913],[-60.67928,-32.86715],[-60.66493,-32.85517],[-60.65895,-32.83387],[-60.69422,-32.80558],[-60.71594,-32.77364],[-60.72212,-32.74702],[-60.71993,-32.69344],[-60.7259,-32.66349],[-60.74224,-32.6402],[-60.7524,-32.61457],[-60.74384,-32.58596],[-60.74742,-32.55434],[-60.75519,-32.53704],[-60.77472,-32.51441],[-60.76914,-32.49677],[-60.74802,-32.48246],[-60.72391,-32.45617],[-60.71156,-32.39295],[-60.72012,-32.35934],[-60.72152,-32.34203],[-60.71215,-32.32573],[-60.68227,-32.32406],[-60.67888,-32.31508],[-60.68286,-32.28646],[-60.6735,-32.24486],[-60.6737,-32.2239],[-60.69044,-32.19728],[-60.7002,-32.16899],[-60.7004,-32.14969],[-60.69462,-32.12873],[-60.68027,-32.10277],[-60.65855,-32.08014],[-60.65596,-32.06716],[-60.66373,-32.03855],[-60.68446,-32.01192],[-60.70438,-32.00061],[-60.72072,-31.9853],[-60.72271,-31.97232],[-60.71973,-31.95868],[-60.6719,-31.93006],[-60.66015,-31.91842],[-60.65298,-31.89712],[-60.65915,-31.87815],[-60.66254,-31.84454],[-60.6735,-31.83023],[-60.6743,-31.8096],[-60.66553,-31.79762],[-60.64102,-31.79163],[-60.63644,-31.77466],[-60.64361,-31.76334],[-60.63883,-31.74205],[-60.59101,-31.71077],[-60.53741,-31.69978],[-60.49098,-31.70045],[-60.46767,-31.69845],[-60.44376,-31.67549],[-60.39633,-31.64288],[-60.35728,-31.62657],[-60.33476,-31.6126],[-60.32759,-31.60228],[-60.32679,-31.57866],[-60.33735,-31.56734],[-60.33994,-31.55536],[-60.3256,-31.54205],[-60.30208,-31.5344],[-60.28276,-31.5324],[-60.25785,-31.53573],[-60.2441,-31.5304],[-60.23015,-31.51842],[-60.21959,-31.49313],[-60.2188,-31.47583],[-60.20704,-31.46518],[-60.18133,-31.46085],[-60.14906,-31.44821],[-60.13949,-31.43723],[-60.13849,-31.41327],[-60.11737,-31.38864],[-60.09605,-31.37067],[-60.08689,-31.33973],[-60.10562,-31.31077],[-60.10562,-31.28981],[-60.02552,-31.25919],[-60.00141,-31.2369],[-59.98865,-31.20662],[-59.98387,-31.18732],[-59.98327,-31.1557],[-59.96335,-31.11976],[-59.94781,-31.10945],[-59.92549,-31.10512],[-59.90277,-31.08482],[-59.87787,-31.0562],[-59.83961,-30.98665],[-59.82606,-30.97168],[-59.81809,-30.9424],[-59.81151,-30.93574],[-59.75413,-30.89614],[-59.7348,-30.87651],[-59.71607,-30.84622],[-59.70491,-30.81727],[-59.69933,-30.76902],[-59.66526,-30.74906],[-59.63995,-30.72776],[-59.63338,-30.71378],[-59.63617,-30.70213],[-59.66307,-30.68217],[-59.67642,-30.65954],[-59.67343,-30.63625],[-59.65091,-30.60896],[-59.64593,-30.59698],[-59.64593,-30.56636],[-59.64912,-30.5424],[-59.65032,-30.50114],[-59.6539,-30.48783],[-59.67981,-30.46054],[-59.70352,-30.44257],[-59.69893,-30.41529],[-59.6826,-30.38301],[-59.68439,-30.35605],[-59.67164,-30.33875],[-59.65749,-30.35272],[-59.63677,-30.35772],[-59.63198,-30.36803],[-59.63378,-30.38534],[-59.61505,-30.41928],[-59.6013,-30.43093],[-59.58695,-30.43425],[-59.56583,-30.35805],[-59.56563,-30.34807],[-59.54611,-30.34008],[-59.48075,-30.34274],[-59.46381,-30.32577],[-59.4401,-30.32943],[-59.42934,-30.31778],[-59.4136,-30.32078],[-59.34765,-30.32477],[-59.32553,-30.35206],[-59.30321,-30.3474],[-59.29923,-30.35772],[-59.27771,-30.35838],[-59.2514,-30.36537],[-59.21036,-30.34707],[-59.19302,-30.33209],[-59.1442,-30.31712],[-59.13105,-30.2875],[-59.11312,-30.28118],[-59.10794,-30.27352],[-59.08961,-30.26121],[-59.06371,-30.23093],[-59.04597,-30.22993],[-58.99018,-30.21928],[-58.93937,-30.23126],[-58.92961,-30.24125],[-58.91267,-30.24724],[-58.87959,-30.24624],[-58.87342,-30.23858],[-58.83456,-30.23193],[-58.81982,-30.21695],[-58.79252,-30.21529],[-58.76263,-30.21662],[-58.74768,-30.21263],[-58.74091,-30.19898],[-58.69309,-30.17669],[-58.68313,-30.17602],[-58.66798,-30.16471],[-58.64407,-30.16637],[-58.63092,-30.17536],[-58.57752,-30.16005],[-58.55281,-30.18567],[-58.54106,-30.18334],[-58.52551,-30.189],[-58.49782,-30.20697],[-58.47072,-30.20331],[-58.45577,-30.21729],[-58.43525,-30.2306],[-58.41453,-30.23492],[-58.40277,-30.24524],[-58.38703,-30.2509],[-58.38105,-30.25955],[-58.34638,-30.2712],[-58.33223,-30.26787],[-58.29836,-30.2469],[-58.28561,-30.24457],[-58.26967,-30.25256],[-58.24556,-30.27086],[-58.22284,-30.27718],[-58.2083,-30.2875],[-58.19395,-30.31046],[-58.19236,-30.33509],[-58.18319,-30.34374],[-58.17781,-30.35905],[-58.1533,-30.38534],[-58.14015,-30.4063],[-58.13118,-30.40464],[-58.09412,-30.42261],[-58.0726,-30.42527],[-58.0746,-30.45954],[-58.06882,-30.47552],[-58.0736,-30.48184],[-58.05766,-30.49715],[-58.05905,-30.51379],[-58.06842,-30.5241],[-58.06882,-30.54473],[-58.05786,-30.55904],[-58.03773,-30.56703],[-58.03355,-30.59798],[-58.02379,-30.60097],[-57.97497,-30.63758],[-57.97557,-30.64689],[-57.95365,-30.64922],[-57.89487,-30.66952],[-57.87195,-30.6825],[-57.85103,-30.70047],[-57.83987,-30.72243],[-57.82154,-30.71944],[-57.80919,-30.72975],[-57.81118,-30.75405],[-57.79743,-30.78267],[-57.8066,-30.82093],[-57.79922,-30.85321],[-57.8068,-30.87684],[-57.81995,-30.90379],[-57.8327,-30.91744],[-57.84705,-30.91977],[-57.88929,-30.90712],[-57.90284,-30.90945],[-57.91499,-30.92043],[-57.9134,-30.93241],[-57.89586,-30.95238],[-57.88371,-30.98898],[-57.86657,-31.01328],[-57.86159,-31.04189],[-57.87135,-31.07018],[-57.89965,-31.10712],[-57.91678,-31.12276],[-57.92017,-31.13906],[-57.9122,-31.17733],[-57.913,-31.21161],[-57.92436,-31.23723],[-57.93532,-31.26984],[-57.95783,-31.2978],[-57.98095,-31.31876],[-57.98194,-31.33573],[-57.99709,-31.36102],[-57.97816,-31.38199],[-57.98055,-31.39031],[-58.01701,-31.41427],[-58.05965,-31.43523],[-58.08237,-31.45786],[-58.07818,-31.48881],[-58.06204,-31.49946],[-58.02478,-31.51476],[-58.00366,-31.53207],[-58.00326,-31.54704],[-57.99011,-31.56102],[-57.98055,-31.58098],[-57.98095,-31.5903],[-58.00804,-31.66285],[-58.01283,-31.68681],[-58.03335,-31.71509],[-58.03694,-31.72707],[-58.03813,-31.75902],[-58.07898,-31.81459],[-58.09492,-31.82457],[-58.15649,-31.84055],[-58.19535,-31.85585],[-58.2063,-31.86983],[-58.19156,-31.91975],[-58.17104,-31.92973],[-58.15709,-31.95236],[-58.1527,-31.97798],[-58.13836,-32.00194],[-58.13816,-32.03156],[-58.14354,-32.06184],[-58.1541,-32.08014],[-58.16884,-32.09578],[-58.18339,-32.15036],[-58.1798,-32.16533],[-58.1551,-32.18896],[-58.12441,-32.22656],[-58.10189,-32.25052],[-58.09851,-32.28779],[-58.10349,-32.31009],[-58.126,-32.34303],[-58.16546,-32.35934],[-58.18459,-32.38064]]]]}},{"type":"Feature","properties":{"provincia":"Formosa","indec":"34","source_name":"Formosa"},"geometry":{"type":"MultiPolygon","coordinates":[[[[-57.82732,-25.75948],[-57.82015,-25.78011],[-57.79643,-25.81039],[-57.79663,-25.8247],[-57.81636,-25.84733],[-57.83668,-25.84932],[-57.8584,-25.85798],[-57.86398,-25.86729],[-57.8582,-25.88959],[-57.83648,-25.90723],[-57.84186,-25.9212],[-57.87394,-25.92919],[-57.88769,-25.9415],[-57.89367,-25.96413],[-57.86299,-25.9811],[-57.85143,-25.99142],[-57.8582,-26.01005],[-57.89626,-26.02004],[-57.91957,-26.03235],[-57.94647,-26.06596],[-58.03694,-26.11122],[-58.0732,-26.10855],[-58.09093,-26.11621],[-58.10169,-26.13584],[-58.11345,-26.14616],[-58.12023,-26.1608],[-58.11803,-26.18443],[-58.1547,-26.17844],[-58.15908,-26.18476],[-58.14035,-26.20007],[-58.11365,-26.21371],[-58.10409,-26.22369],[-58.10947,-26.241],[-58.15828,-26.2603],[-58.16665,-26.26961],[-58.16805,-26.28592],[-58.15549,-26.31021],[-58.1543,-26.32286],[-58.15968,-26.34881],[-58.17343,-26.36246],[-58.18777,-26.36579],[-58.21587,-26.38409],[-58.22185,-26.40871],[-58.21846,-26.4177],[-58.19654,-26.44133],[-58.18399,-26.44931],[-58.18837,-26.46296],[-58.22384,-26.46362],[-58.23161,-26.46662],[-58.23022,-26.48159],[-58.21228,-26.48924],[-58.2085,-26.50488],[-58.22244,-26.52419],[-58.22264,-26.54249],[-58.20092,-26.55846],[-58.19415,-26.59773],[-58.2087,-26.6147],[-58.2071,-26.62768],[-58.19355,-26.63799],[-58.20192,-26.6543],[-58.22543,-26.65363],[-58.24576,-26.64232],[-58.26349,-26.65164],[-58.25433,-26.68758],[-58.25632,-26.71852],[-58.24536,-26.74748],[-58.25971,-26.76212],[-58.2872,-26.75579],[-58.29577,-26.76278],[-58.28382,-26.78674],[-58.28561,-26.79673],[-58.30972,-26.80871],[-58.33323,-26.80737],[-58.33682,-26.81736],[-58.31888,-26.84631],[-58.32526,-26.8696],[-58.33881,-26.87193],[-58.36372,-26.86461],[-58.37727,-26.87226],[-58.39659,-26.86062],[-58.39301,-26.84231],[-58.4223,-26.83533],[-58.42768,-26.82468],[-58.44641,-26.832],[-58.44521,-26.81836],[-58.45896,-26.81736],[-58.47889,-26.82301],[-58.48566,-26.80604],[-58.48726,-26.78441],[-58.49742,-26.7894],[-58.52133,-26.75713],[-58.53289,-26.75779],[-58.53428,-26.73816],[-58.54962,-26.74881],[-58.55799,-26.72917],[-58.56915,-26.72784],[-58.57055,-26.70355],[-58.57971,-26.68591],[-58.59386,-26.68824],[-58.61099,-26.68159],[-58.62534,-26.66428],[-58.64208,-26.65563],[-58.65324,-26.65929],[-58.67456,-26.64199],[-58.68432,-26.62601],[-58.68851,-26.60405],[-58.69548,-26.59407],[-58.72019,-26.60205],[-58.74091,-26.60438],[-58.75147,-26.59673],[-58.75247,-26.58375],[-58.76064,-26.56878],[-58.7706,-26.53883],[-58.7961,-26.53517],[-58.7969,-26.51886],[-58.8234,-26.52485],[-58.84552,-26.51919],[-58.85688,-26.50888],[-58.86584,-26.47493],[-58.89474,-26.46895],[-58.90988,-26.46262],[-58.92542,-26.44399],[-58.93937,-26.43301],[-58.9591,-26.3974],[-58.97484,-26.38841],[-58.9858,-26.3801],[-59.00612,-26.37544],[-59.02405,-26.38109],[-59.04298,-26.36545],[-59.06849,-26.37411],[-59.0914,-26.35015],[-59.11711,-26.34083],[-59.1177,-26.32485],[-59.13245,-26.33118],[-59.15516,-26.31487],[-59.14201,-26.30056],[-59.16752,-26.29857],[-59.1715,-26.30921],[-59.18465,-26.30622],[-59.19262,-26.32985],[-59.20179,-26.32652],[-59.2265,-26.3395],[-59.25041,-26.33916],[-59.27771,-26.34981],[-59.30859,-26.3405],[-59.31417,-26.31887],[-59.3335,-26.33584],[-59.34545,-26.32785],[-59.35741,-26.33783],[-59.36359,-26.32818],[-59.37793,-26.32086],[-59.38849,-26.30322],[-59.38112,-26.26795],[-59.39925,-26.2563],[-59.39527,-26.24965],[-59.40224,-26.23234],[-59.4138,-26.22502],[-59.41021,-26.20705],[-59.41878,-26.19607],[-59.41978,-26.1781],[-59.4146,-26.16745],[-59.43472,-26.15348],[-59.467,-26.15215],[-59.47736,-26.16246],[-59.49749,-26.15381],[-59.50924,-26.15913],[-59.51602,-26.14516],[-59.52837,-26.14915],[-59.53554,-26.14116],[-59.5473,-26.15082],[-59.56723,-26.14882],[-59.58476,-26.12186],[-59.59552,-26.13085],[-59.61883,-26.11721],[-59.63657,-26.11987],[-59.63278,-26.13651],[-59.65709,-26.13484],[-59.6549,-26.11554],[-59.66925,-26.11255],[-59.6826,-26.08959],[-59.66785,-26.07727],[-59.67861,-26.05398],[-59.67223,-26.00273],[-59.6822,-26.0004],[-59.69615,-26.00639],[-59.72125,-25.99108],[-59.73022,-25.97911],[-59.75134,-25.96313],[-59.75791,-25.93784],[-59.75552,-25.91887],[-59.77864,-25.91588],[-59.79478,-25.89658],[-59.82447,-25.89159],[-59.8167,-25.88094],[-59.82566,-25.87195],[-59.83622,-25.87595],[-59.8436,-25.85598],[-59.8695,-25.83535],[-59.88424,-25.80507],[-59.93067,-25.76613],[-59.94641,-25.76347],[-59.96434,-25.77345],[-59.97052,-25.76047],[-59.98606,-25.74849],[-59.98088,-25.73851],[-59.98248,-25.72087],[-60.00918,-25.73651],[-60.02392,-25.69592],[-60.04504,-25.69425],[-60.04464,-25.68261],[-60.06198,-25.68127],[-60.09824,-25.66929],[-60.12096,-25.65765],[-60.14248,-25.64201],[-60.16101,-25.64434],[-60.17297,-25.65399],[-60.18911,-25.648],[-60.18153,-25.63435],[-60.19708,-25.6094],[-60.19907,-25.60074],[-60.21999,-25.59975],[-60.22298,-25.58976],[-60.21322,-25.57945],[-60.22238,-25.5648],[-60.23872,-25.56081],[-60.23992,-25.55249],[-60.22298,-25.52554],[-60.22836,-25.48028],[-60.25845,-25.46298],[-60.27479,-25.46897],[-60.28017,-25.45599],[-60.28256,-25.43303],[-60.30467,-25.42238],[-60.32201,-25.40175],[-60.33596,-25.39276],[-60.32002,-25.37779],[-60.34512,-25.37745],[-60.35549,-25.35017],[-60.34851,-25.33852],[-60.38398,-25.32388],[-60.39693,-25.3312],[-60.40729,-25.30857],[-60.41945,-25.31789],[-60.45073,-25.25632],[-60.47504,-25.23736],[-60.48759,-25.2317],[-60.51728,-25.18411],[-60.52964,-25.1718],[-60.55115,-25.17213],[-60.55115,-25.19343],[-60.56191,-25.19243],[-60.592,-25.16881],[-60.60057,-25.17313],[-60.61173,-25.16049],[-60.62468,-25.16648],[-60.66453,-25.15949],[-60.67091,-25.14784],[-60.65955,-25.12455],[-60.65796,-25.1109],[-60.69442,-25.12355],[-60.71753,-25.12488],[-60.73826,-25.11456],[-60.73567,-25.10059],[-60.74423,-25.0906],[-60.75539,-25.09992],[-60.76575,-25.08728],[-60.7542,-25.07663],[-60.80282,-25.06498],[-60.81637,-25.07164],[-60.83171,-25.05134],[-60.8331,-25.03237],[-60.87634,-25.03437],[-60.87714,-25.01906],[-60.90065,-25.01906],[-60.90563,-25.00841],[-60.92516,-25.00541],[-60.93811,-24.98745],[-60.93672,-24.96648],[-60.94608,-24.9565],[-60.95863,-24.95483],[-60.97238,-24.94186],[-60.97976,-24.94452],[-60.99809,-24.93387],[-61.00008,-24.92222],[-61.01423,-24.92455],[-61.03096,-24.89926],[-61.03156,-24.88761],[-61.0471,-24.89028],[-61.07879,-24.86332],[-61.0738,-24.85633],[-61.09333,-24.84835],[-61.09433,-24.83404],[-61.10748,-24.8347],[-61.14295,-24.80908],[-61.14574,-24.79111],[-61.13797,-24.78579],[-61.15271,-24.78712],[-61.15968,-24.76449],[-61.14833,-24.75683],[-61.1561,-24.7402],[-61.17383,-24.73354],[-61.15749,-24.70958],[-61.17343,-24.71058],[-61.1836,-24.72123],[-61.2085,-24.6966],[-61.20432,-24.68462],[-61.21069,-24.67531],[-61.19814,-24.66432],[-61.20292,-24.65534],[-61.21926,-24.65268],[-61.23201,-24.6397],[-61.24337,-24.64935],[-61.25094,-24.64369],[-61.25573,-24.62406],[-61.26888,-24.62273],[-61.27605,-24.63903],[-61.2904,-24.62606],[-61.29996,-24.62672],[-61.3418,-24.63937],[-61.38126,-24.61374],[-61.40138,-24.61274],[-61.42749,-24.61807],[-61.44422,-24.60675],[-61.45578,-24.61175],[-61.46754,-24.60675],[-61.48646,-24.57481],[-61.5048,-24.55651],[-61.51755,-24.54852],[-61.52632,-24.53388],[-61.52094,-24.52389],[-61.52492,-24.51325],[-61.54485,-24.50959],[-61.57633,-24.49528],[-61.59645,-24.4793],[-61.58191,-24.45368],[-61.58709,-24.43904],[-61.60741,-24.44836],[-61.61,-24.42373],[-61.63113,-24.42373],[-61.63969,-24.43471],[-61.65524,-24.43271],[-61.65982,-24.42273],[-61.67576,-24.42306],[-61.69748,-24.41341],[-61.70385,-24.39378],[-61.71242,-24.3818],[-61.71103,-24.37015],[-61.73255,-24.35851],[-61.72956,-24.34653],[-61.74371,-24.33921],[-61.76184,-24.31458],[-61.78535,-24.31658],[-61.78555,-24.33055],[-61.79392,-24.33421],[-61.81344,-24.31358],[-61.83317,-24.31891],[-61.84792,-24.3219],[-61.84632,-24.30493],[-61.86605,-24.31025],[-61.8794,-24.30726],[-61.8794,-24.29062],[-61.88876,-24.27432],[-61.9051,-24.3046],[-61.91746,-24.29828],[-61.92025,-24.28397],[-61.90411,-24.27764],[-61.90789,-24.25934],[-61.934,-24.27298],[-61.95213,-24.25635],[-61.95751,-24.23438],[-61.9868,-24.22939],[-61.99078,-24.2457],[-62.00752,-24.23305],[-62.04199,-24.23738],[-62.05375,-24.21541],[-62.05993,-24.21309],[-62.08005,-24.22873],[-62.07646,-24.20144],[-62.08822,-24.2021],[-62.13764,-24.21741],[-62.13823,-24.18746],[-62.16274,-24.19711],[-62.18067,-24.18913],[-62.16553,-24.17349],[-62.21395,-24.15052],[-62.21774,-24.1452],[-62.25719,-24.13921],[-62.2799,-24.1279],[-62.31537,-24.11858],[-62.31159,-24.10127],[-62.31936,-24.08863],[-62.3339,-24.08663],[-62.34187,-24.10793],[-62.34187,-23.83838],[-62.34207,-23.69429],[-62.34207,-23.4953],[-62.34207,-23.43207],[-62.34227,-22.90196],[-62.34227,-22.73125],[-62.34227,-22.46071],[-62.3335,-22.46537],[-62.32872,-22.48334],[-62.31059,-22.487],[-62.29485,-22.47602],[-62.29126,-22.49166],[-62.28369,-22.49665],[-62.27951,-22.51129],[-62.25181,-22.51562],[-62.2548,-22.53092],[-62.23408,-22.54424],[-62.23746,-22.55821],[-62.23388,-22.57086],[-62.24583,-22.57651],[-62.24663,-22.59149],[-62.26257,-22.59681],[-62.26217,-22.60413],[-62.24743,-22.61445],[-62.22571,-22.62277],[-62.19243,-22.65338],[-62.20359,-22.6617],[-62.17788,-22.69232],[-62.19562,-22.69332],[-62.1729,-22.7226],[-62.16035,-22.73325],[-62.16414,-22.74989],[-62.15915,-22.75854],[-62.13684,-22.76952],[-62.13744,-22.78283],[-62.11552,-22.79481],[-62.10934,-22.81644],[-62.09858,-22.80579],[-62.08882,-22.82643],[-62.07686,-22.82676],[-62.07208,-22.84672],[-62.05873,-22.85105],[-62.05833,-22.86037],[-62.04478,-22.86536],[-62.03621,-22.87801],[-62.03143,-22.89964],[-62.02127,-22.90962],[-62.02705,-22.91761],[-62.00373,-22.93924],[-61.99596,-22.95155],[-62.00692,-22.96186],[-61.99417,-22.97617],[-62.00593,-22.98849],[-61.99238,-22.99581],[-61.9872,-23.0171],[-61.97424,-23.02809],[-61.95153,-23.03374],[-61.94834,-23.04439],[-61.93778,-23.04905],[-61.93479,-23.06769],[-61.9069,-23.06835],[-61.89793,-23.07501],[-61.86047,-23.08565],[-61.8517,-23.09431],[-61.84891,-23.10396],[-61.82719,-23.12925],[-61.81823,-23.12725],[-61.81683,-23.14522],[-61.79352,-23.16519],[-61.77678,-23.16219],[-61.75566,-23.17051],[-61.73514,-23.1988],[-61.73693,-23.23174],[-61.72697,-23.24239],[-61.71601,-23.24006],[-61.68612,-23.26169],[-61.68253,-23.27234],[-61.64766,-23.28232],[-61.6383,-23.276],[-61.60821,-23.28332],[-61.59207,-23.30262],[-61.57493,-23.30295],[-61.57733,-23.31394],[-61.56916,-23.33424],[-61.5588,-23.34488],[-61.54425,-23.34954],[-61.5299,-23.34555],[-61.51436,-23.35587],[-61.52393,-23.36618],[-61.51855,-23.38581],[-61.50619,-23.39447],[-61.50061,-23.41643],[-61.49404,-23.42442],[-61.4759,-23.41876],[-61.46953,-23.42575],[-61.44721,-23.42242],[-61.4243,-23.43806],[-61.41912,-23.44738],[-61.38464,-23.44738],[-61.37169,-23.4547],[-61.34997,-23.45936],[-61.33762,-23.46768],[-61.32527,-23.46635],[-61.29598,-23.48531],[-61.27944,-23.49031],[-61.28542,-23.50162],[-61.27286,-23.50694],[-61.27764,-23.51693],[-61.2619,-23.52025],[-61.24875,-23.53223],[-61.24696,-23.54089],[-61.22823,-23.54954],[-61.19356,-23.5502],[-61.17861,-23.54721],[-61.16845,-23.56218],[-61.14574,-23.58049],[-61.13099,-23.57849],[-61.129,-23.5898],[-61.10828,-23.59879],[-61.09672,-23.61177],[-61.09054,-23.63905],[-61.09931,-23.65835],[-61.08078,-23.6903],[-61.06085,-23.70494],[-61.04192,-23.7299],[-61.03993,-23.74288],[-61.01522,-23.75819],[-61.0204,-23.7725],[-61.00387,-23.7868],[-60.98673,-23.81276],[-60.9666,-23.80844],[-60.94847,-23.81309],[-60.94369,-23.80145],[-60.92954,-23.80245],[-60.90822,-23.81409],[-60.90444,-23.82607],[-60.87654,-23.84338],[-60.84605,-23.87166],[-60.83131,-23.87299],[-60.8074,-23.86767],[-60.80162,-23.87432],[-60.78289,-23.87133],[-60.74244,-23.87299],[-60.73447,-23.88331],[-60.72092,-23.88531],[-60.69123,-23.90294],[-60.68506,-23.89529],[-60.65816,-23.90061],[-60.65537,-23.90627],[-60.63345,-23.9096],[-60.61273,-23.90394],[-60.58862,-23.91925],[-60.5928,-23.94221],[-60.58164,-23.96084],[-60.55893,-23.95585],[-60.54418,-23.96351],[-60.50971,-23.97083],[-60.48779,-23.95153],[-60.44296,-23.96251],[-60.41347,-23.9858],[-60.38956,-23.99512],[-60.38059,-24.01908],[-60.36505,-24.02041],[-60.35628,-24.02474],[-60.33556,-24.02174],[-60.32321,-24.03306],[-60.28037,-24.0437],[-60.25107,-24.04537],[-60.19229,-24.04504],[-60.13391,-24.03672],[-60.08988,-24.02407],[-60.07294,-24.01109],[-60.05082,-24.01409],[-60.03907,-24.01176],[-59.75672,-24.16949],[-59.50725,-24.31491],[-59.47597,-24.33122],[-59.47238,-24.34653],[-59.45783,-24.35817],[-59.45983,-24.36716],[-59.44209,-24.38945],[-59.42436,-24.39711],[-59.41161,-24.41242],[-59.39128,-24.41408],[-59.37295,-24.4234],[-59.36538,-24.44935],[-59.3586,-24.45401],[-59.35183,-24.48163],[-59.34007,-24.48995],[-59.32015,-24.49195],[-59.29644,-24.51358],[-59.25778,-24.51957],[-59.23566,-24.54918],[-59.20617,-24.55517],[-59.18585,-24.56349],[-59.1731,-24.58113],[-59.15716,-24.58745],[-59.15337,-24.59977],[-59.13564,-24.60609],[-59.11611,-24.62273],[-59.09997,-24.61674],[-59.07984,-24.6214],[-59.05733,-24.63105],[-59.05195,-24.64203],[-59.03362,-24.64802],[-59.02385,-24.66],[-58.99416,-24.66399],[-58.97145,-24.66299],[-58.96746,-24.67164],[-58.94216,-24.68063],[-58.89175,-24.71491],[-58.8782,-24.73321],[-58.87082,-24.72822],[-58.84612,-24.73753],[-58.80846,-24.77148],[-58.78275,-24.7758],[-58.76841,-24.77447],[-58.74011,-24.78079],[-58.72736,-24.77414],[-58.70923,-24.80009],[-58.70405,-24.81407],[-58.6891,-24.81008],[-58.67356,-24.83138],[-58.66021,-24.83138],[-58.64885,-24.82439],[-58.61119,-24.83104],[-58.5837,-24.82172],[-58.55002,-24.82805],[-58.52651,-24.85068],[-58.51635,-24.84369],[-58.49722,-24.858],[-58.46912,-24.86365],[-58.43027,-24.89294],[-58.43306,-24.91424],[-58.4213,-24.92289],[-58.40795,-24.92455],[-58.39301,-24.95151],[-58.38085,-24.95616],[-58.3693,-24.95916],[-58.34698,-24.9738],[-58.34399,-24.98878],[-58.32945,-24.99809],[-58.3143,-24.98279],[-58.29956,-24.97646],[-58.2884,-24.96382],[-58.25512,-24.93587],[-58.2356,-24.92688],[-58.22444,-24.93054],[-58.22444,-24.94219],[-58.20192,-24.94951],[-58.18678,-24.97047],[-58.16785,-24.96681],[-58.15071,-24.97447],[-58.13736,-24.99377],[-58.13118,-25.0124],[-58.11744,-25.01906],[-58.09492,-25.00908],[-58.07818,-25.02338],[-58.07061,-25.04135],[-58.04491,-25.04302],[-58.03176,-25.0357],[-58.01103,-25.04069],[-57.99669,-25.05533],[-57.99987,-25.07064],[-57.98493,-25.08362],[-57.91639,-25.07796],[-57.90722,-25.07363],[-57.8867,-25.07663],[-57.86856,-25.08395],[-57.84824,-25.09759],[-57.84724,-25.11556],[-57.82393,-25.13985],[-57.81098,-25.14618],[-57.7789,-25.15317],[-57.76834,-25.1728],[-57.74921,-25.19643],[-57.75519,-25.20841],[-57.7516,-25.22804],[-57.72869,-25.24667],[-57.72968,-25.25865],[-57.72251,-25.27762],[-57.71155,-25.27363],[-57.6992,-25.31822],[-57.65058,-25.36647],[-57.64241,-25.38344],[-57.6167,-25.38943],[-57.59658,-25.40108],[-57.57426,-25.42737],[-57.56051,-25.45266],[-57.56171,-25.47362],[-57.57865,-25.50723],[-57.57964,-25.52088],[-57.56988,-25.54484],[-57.57805,-25.56747],[-57.60455,-25.5688],[-57.60495,-25.58743],[-57.61073,-25.61073],[-57.62707,-25.61771],[-57.64141,-25.61139],[-57.65596,-25.59708],[-57.67309,-25.59542],[-57.67827,-25.6064],[-57.6707,-25.64733],[-57.68246,-25.66231],[-57.70836,-25.65033],[-57.7263,-25.64567],[-57.74483,-25.65432],[-57.76595,-25.69092],[-57.75838,-25.70989],[-57.73088,-25.70823],[-57.73486,-25.7262],[-57.76216,-25.74483],[-57.7799,-25.76114],[-57.79444,-25.76147],[-57.80998,-25.75282],[-57.82732,-25.75948]]]]}},{"type":"Feature","properties":{"provincia":"Jujuy","indec":"38","source_name":"Jujuy"},"geometry":{"type":"MultiPolygon","coordinates":[[[[-65.06969,-23.19946],[-65.07488,-23.21377],[-65.05196,-23.22941],[-65.03801,-23.22841],[-65.03363,-23.25537],[-65.01888,-23.26269],[-65.01012,-23.28499],[-64.9884,-23.28099],[-64.96469,-23.28598],[-64.94297,-23.27234],[-64.93958,-23.28499],[-64.92145,-23.30628],[-64.91188,-23.30928],[-64.89953,-23.33856],[-64.90491,-23.35187],[-64.89236,-23.35953],[-64.90013,-23.37017],[-64.9067,-23.42375],[-64.89495,-23.44039],[-64.86845,-23.44738],[-64.87402,-23.46967],[-64.87143,-23.47899],[-64.84473,-23.4913],[-64.81783,-23.48831],[-64.80428,-23.4953],[-64.78834,-23.4963],[-64.76125,-23.47566],[-64.73953,-23.47899],[-64.73933,-23.47001],[-64.71422,-23.46002],[-64.67955,-23.45769],[-64.667,-23.46734],[-64.65405,-23.48465],[-64.63551,-23.48498],[-64.61459,-23.4923],[-64.5861,-23.51227],[-64.55342,-23.51227],[-64.51995,-23.55154],[-64.49524,-23.56751],[-64.49683,-23.57749],[-64.48747,-23.59446],[-64.46953,-23.60777],[-64.46455,-23.62275],[-64.43526,-23.63306],[-64.41095,-23.62707],[-64.39342,-23.60311],[-64.39621,-23.59213],[-64.38844,-23.58348],[-64.397,-23.5735],[-64.38605,-23.56584],[-64.37967,-23.55087],[-64.36433,-23.53623],[-64.35695,-23.51793],[-64.1571,-23.51793],[-64.15909,-23.81476],[-64.16108,-24.07066],[-64.15371,-24.07964],[-64.15431,-24.11991],[-64.15072,-24.13655],[-64.1579,-24.15485],[-64.16148,-24.17914],[-64.16886,-24.18713],[-64.17503,-24.21508],[-64.16846,-24.2254],[-64.18001,-24.26367],[-64.19257,-24.28563],[-64.20771,-24.30493],[-64.21668,-24.30859],[-64.22544,-24.32756],[-64.24497,-24.33621],[-64.25394,-24.35052],[-64.25195,-24.36416],[-64.28881,-24.40709],[-64.29758,-24.40509],[-64.3175,-24.42706],[-64.33783,-24.42173],[-64.34599,-24.42539],[-64.36692,-24.4194],[-64.39023,-24.40576],[-64.42171,-24.4021],[-64.43706,-24.42672],[-64.43586,-24.44103],[-64.46336,-24.46566],[-64.47671,-24.46266],[-64.49165,-24.48163],[-64.50181,-24.50592],[-64.5327,-24.50493],[-64.54585,-24.53221],[-64.54505,-24.53854],[-64.5602,-24.57714],[-64.59387,-24.58346],[-64.6401,-24.61108],[-64.665,-24.60742],[-64.68354,-24.59078],[-64.67995,-24.58146],[-64.70486,-24.56216],[-64.72578,-24.52988],[-64.75288,-24.52456],[-64.76384,-24.51757],[-64.77061,-24.50426],[-64.84194,-24.46732],[-64.8551,-24.47231],[-64.86287,-24.49461],[-64.87721,-24.50027],[-64.87502,-24.50992],[-64.88538,-24.5219],[-64.88279,-24.53754],[-64.88977,-24.54586],[-64.89694,-24.59211],[-64.92862,-24.5991],[-64.94396,-24.59644],[-64.96867,-24.58512],[-64.99677,-24.57614],[-65.00733,-24.5798],[-65.04638,-24.57181],[-65.06292,-24.56316],[-65.07966,-24.56216],[-65.09022,-24.55151],[-65.09659,-24.53288],[-65.11552,-24.51624],[-65.14103,-24.50393],[-65.15498,-24.48795],[-65.16016,-24.4793],[-65.19443,-24.45967],[-65.21834,-24.46466],[-65.23069,-24.47165],[-65.2293,-24.48629],[-65.24783,-24.48596],[-65.26855,-24.49162],[-65.29665,-24.49361],[-65.31737,-24.50226],[-65.34327,-24.49761],[-65.35782,-24.48197],[-65.35184,-24.46865],[-65.35742,-24.46233],[-65.37017,-24.46466],[-65.4162,-24.45601],[-65.42716,-24.45102],[-65.43971,-24.46033],[-65.45147,-24.4427],[-65.46422,-24.43072],[-65.48813,-24.42772],[-65.50427,-24.43804],[-65.50627,-24.45534],[-65.52041,-24.44636],[-65.54373,-24.44935],[-65.57122,-24.4224],[-65.60012,-24.41707],[-65.61167,-24.40709],[-65.61626,-24.38779],[-65.65352,-24.38047],[-65.6579,-24.37215],[-65.65591,-24.35518],[-65.66966,-24.3412],[-65.68261,-24.30759],[-65.67344,-24.27964],[-65.67245,-24.24869],[-65.69715,-24.22972],[-65.69456,-24.21475],[-65.7101,-24.19678],[-65.72505,-24.18613],[-65.71608,-24.16317],[-65.73083,-24.1442],[-65.72086,-24.10926],[-65.73441,-24.09063],[-65.7374,-24.07998],[-65.74956,-24.07598],[-65.75275,-24.05801],[-65.78503,-24.05602],[-65.80276,-24.03439],[-65.82727,-24.01908],[-65.84321,-24.01908],[-65.86732,-24.00344],[-65.91713,-24.00344],[-65.94304,-24.0081],[-65.95021,-24.00344],[-65.94164,-23.97948],[-65.94204,-23.9675],[-65.96017,-23.96683],[-65.97133,-23.97648],[-65.99086,-23.98181],[-65.99783,-23.96051],[-65.99644,-23.94454],[-66.00421,-23.92757],[-66.01656,-23.91792],[-66.01098,-23.89828],[-66.01816,-23.88231],[-66.02194,-23.86168],[-66.01975,-23.8467],[-66.01019,-23.82175],[-66.00819,-23.80278],[-66.00979,-23.77483],[-66.00202,-23.68198],[-65.98727,-23.50961],[-65.99903,-23.51493],[-66.05283,-23.47799],[-66.09407,-23.45503],[-66.10922,-23.43739],[-66.14229,-23.42175],[-66.17178,-23.41377],[-66.18434,-23.41676],[-66.18214,-23.43573],[-66.1933,-23.4527],[-66.20586,-23.46202],[-66.21861,-23.48432],[-66.23953,-23.4923],[-66.25806,-23.53423],[-66.26045,-23.55819],[-66.2732,-23.57283],[-66.28357,-23.57483],[-66.31106,-23.56152],[-66.31744,-23.5735],[-66.31724,-23.60611],[-66.33338,-23.62242],[-66.33039,-23.65669],[-66.33816,-23.669],[-66.34812,-23.66867],[-66.36765,-23.69463],[-66.36765,-23.73323],[-66.37682,-23.74887],[-66.36745,-23.77449],[-66.36048,-23.78414],[-66.35789,-23.82274],[-66.37204,-23.82175],[-66.3808,-23.82807],[-66.37921,-23.84737],[-66.37144,-23.86268],[-66.3543,-23.88397],[-66.36048,-23.89595],[-66.35988,-23.91226],[-66.36526,-23.9645],[-66.36805,-23.97183],[-66.3533,-23.99878],[-66.34972,-24.02108],[-66.37024,-24.05003],[-66.36805,-24.06134],[-66.36944,-24.09329],[-66.3818,-24.1279],[-66.40312,-24.12457],[-66.41428,-24.12856],[-66.42065,-24.16084],[-66.4348,-24.16783],[-66.44576,-24.16483],[-66.47884,-24.1848],[-66.46907,-24.19844],[-66.48342,-24.21309],[-66.49996,-24.19878],[-66.51211,-24.19745],[-66.53323,-24.20743],[-66.54359,-24.20776],[-66.54878,-24.19378],[-66.55874,-24.18713],[-66.59082,-24.18813],[-66.61931,-24.1818],[-66.64621,-24.17249],[-66.66594,-24.15751],[-66.67869,-24.14221],[-66.71416,-24.13222],[-66.7291,-24.11924],[-66.74106,-24.09262],[-66.75222,-24.08696],[-66.77533,-24.08796],[-66.79386,-24.09695],[-66.80123,-24.09462],[-66.84009,-24.068],[-66.86739,-24.0091],[-66.87994,-23.99379],[-66.88711,-23.97183],[-66.91521,-23.97016],[-66.94111,-23.98414],[-66.96124,-23.94487],[-66.97937,-23.92258],[-66.98853,-23.89496],[-66.9975,-23.88497],[-67.2131,-23.69496],[-67.14077,-23.47001],[-67.13439,-23.44838],[-67.07302,-23.25969],[-67.01683,-23.08299],[-66.99112,-22.99947],[-67.18042,-22.81411],[-67.12781,-22.72227],[-67.01404,-22.65472],[-67.02719,-22.54091],[-66.97299,-22.54057],[-66.92856,-22.49232],[-66.80183,-22.4474],[-66.7825,-22.43808],[-66.7843,-22.40181],[-66.76636,-22.35788],[-66.73926,-22.23842],[-66.68626,-22.20947],[-66.65239,-22.21645],[-66.63824,-22.22544],[-66.6231,-22.19749],[-66.34773,-22.12794],[-66.34733,-22.11962],[-66.33179,-22.11196],[-66.31744,-22.08468],[-66.30927,-22.09366],[-66.28795,-22.08568],[-66.29273,-22.06438],[-66.28376,-22.05173],[-66.29233,-22.03476],[-66.28097,-22.01879],[-66.27898,-21.99749],[-66.28317,-21.98252],[-66.27739,-21.97153],[-66.27101,-21.94292],[-66.26045,-21.93493],[-66.26025,-21.90598],[-66.24989,-21.89134],[-66.23594,-21.84974],[-66.24112,-21.83177],[-66.23714,-21.81513],[-66.24112,-21.78884],[-66.22558,-21.78851],[-66.221,-21.78086],[-66.1941,-21.79583],[-66.07634,-21.8351],[-66.04326,-21.87204],[-66.04824,-21.91896],[-65.9247,-21.9336],[-65.80894,-22.07037],[-65.79499,-22.07469],[-65.77725,-22.092],[-65.74836,-22.1093],[-65.72545,-22.10697],[-65.71489,-22.09732],[-65.67524,-22.11163],[-65.63937,-22.10697],[-65.61885,-22.09699],[-65.58238,-22.09399],[-65.57441,-22.07636],[-65.48375,-22.09566],[-65.47498,-22.08934],[-65.18666,-22.08534],[-65.19562,-22.10997],[-65.19144,-22.13093],[-65.19403,-22.14458],[-65.21376,-22.1499],[-65.22053,-22.16953],[-65.22233,-22.19649],[-65.2301,-22.22477],[-65.23069,-22.25273],[-65.24026,-22.27935],[-65.23827,-22.29798],[-65.22671,-22.32028],[-65.24345,-22.33326],[-65.26138,-22.33725],[-65.26855,-22.36121],[-65.28429,-22.3895],[-65.2819,-22.41379],[-65.29406,-22.41878],[-65.29685,-22.43974],[-65.30561,-22.4667],[-65.32554,-22.49665],[-65.34686,-22.51928],[-65.34547,-22.52826],[-65.34865,-22.55122],[-65.34945,-22.57452],[-65.34467,-22.58683],[-65.35104,-22.59648],[-65.34467,-22.60646],[-65.32654,-22.61279],[-65.28688,-22.6414],[-65.27174,-22.64839],[-65.27294,-22.66303],[-65.2821,-22.67169],[-65.29784,-22.69864],[-65.30601,-22.7206],[-65.29744,-22.74024],[-65.30203,-22.76486],[-65.28489,-22.77684],[-65.27433,-22.79015],[-65.27612,-22.81678],[-65.26696,-22.83175],[-65.26835,-22.8414],[-65.25959,-22.85804],[-65.26218,-22.87501],[-65.25261,-22.87501],[-65.24903,-22.89132],[-65.25162,-22.92792],[-65.23846,-22.93524],[-65.21595,-22.9602],[-65.18746,-22.97185],[-65.19044,-22.99414],[-65.16992,-22.9998],[-65.15577,-22.9978],[-65.13166,-23.00379],[-65.11732,-23.0201],[-65.08723,-23.02742],[-65.0679,-23.04506],[-65.07009,-23.05471],[-65.06232,-23.06502],[-65.06651,-23.08366],[-65.06651,-23.10462],[-65.06212,-23.11893],[-65.07149,-23.13224],[-65.04658,-23.15221],[-65.04618,-23.16286],[-65.05993,-23.19114],[-65.06969,-23.19946]]]]}},{"type":"Feature","properties":{"provincia":"La Pampa","indec":"42","source_name":"La Pampa"},"geometry":{"type":"MultiPolygon","coordinates":[[[[-63.38538,-35.88372],[-63.38538,-35.90535],[-63.38558,-36.1769],[-63.38558,-36.35626],[-63.38538,-36.52497],[-63.38498,-36.69169],[-63.38538,-36.80783],[-63.38558,-36.99119],[-63.38538,-37.25907],[-63.38518,-37.52928],[-63.38558,-37.70997],[-63.38578,-37.80881],[-63.38558,-38.05772],[-63.38538,-38.25306],[-63.38498,-38.41645],[-63.38438,-38.61944],[-63.38498,-38.71128],[-63.38418,-38.82909],[-63.38359,-39.01278],[-63.38319,-39.32858],[-63.41925,-39.32625],[-63.43479,-39.32924],[-63.45293,-39.32026],[-63.4601,-39.32824],[-63.48939,-39.30661],[-63.50015,-39.31294],[-63.5412,-39.29663],[-63.53781,-39.28066],[-63.54877,-39.26801],[-63.5681,-39.25803],[-63.58105,-39.25903],[-63.59599,-39.24605],[-63.60835,-39.2527],[-63.63545,-39.24538],[-63.63345,-39.22841],[-63.65577,-39.22775],[-63.67629,-39.21876],[-63.6755,-39.20345],[-63.69343,-39.20578],[-63.71634,-39.19613],[-63.73308,-39.18449],[-63.74583,-39.16252],[-63.76337,-39.15387],[-63.75899,-39.12758],[-63.77692,-39.12891],[-63.79326,-39.12292],[-63.81936,-39.12658],[-63.83271,-39.12093],[-63.84307,-39.10861],[-63.85901,-39.10961],[-63.87137,-39.0953],[-63.89548,-39.10762],[-63.9162,-39.08632],[-63.93433,-39.08565],[-63.92656,-39.07334],[-63.93353,-39.06169],[-63.95824,-39.05238],[-63.95784,-39.04605],[-63.9963,-39.0364],[-64.01025,-39.01743],[-64.01443,-39.00113],[-64.0493,-39.00013],[-64.06604,-39.00379],[-64.06743,-38.99081],[-64.09095,-38.98782],[-64.1035,-38.97817],[-64.13538,-38.96952],[-64.19336,-38.94389],[-64.23082,-38.92359],[-64.26211,-38.91527],[-64.27606,-38.91527],[-64.2906,-38.90762],[-64.29578,-38.89697],[-64.31531,-38.90596],[-64.33105,-38.90463],[-64.34659,-38.88499],[-64.37309,-38.89131],[-64.42809,-38.87933],[-64.44403,-38.86902],[-64.48209,-38.86503],[-64.51516,-38.86835],[-64.53668,-38.8587],[-64.58351,-38.86037],[-64.60443,-38.85604],[-64.60463,-38.84772],[-64.63033,-38.85271],[-64.63273,-38.84572],[-64.67278,-38.83308],[-64.69151,-38.84306],[-64.70705,-38.83741],[-64.73255,-38.8414],[-64.76603,-38.83008],[-64.78456,-38.82676],[-64.80947,-38.81578],[-64.828,-38.82576],[-64.85569,-38.82476],[-64.87741,-38.81444],[-64.88937,-38.82543],[-64.92643,-38.83308],[-64.96728,-38.8201],[-65.00175,-38.8191],[-65.02147,-38.81378],[-65.03363,-38.81744],[-65.06153,-38.80979],[-65.09022,-38.80812],[-65.09719,-38.80013],[-65.12808,-38.80479],[-65.13565,-38.81644],[-65.14661,-38.81677],[-65.16115,-38.80313],[-65.19144,-38.81045],[-65.18566,-38.82742],[-65.19184,-38.83674],[-65.20818,-38.83142],[-65.21834,-38.83741],[-65.24185,-38.83108],[-65.2564,-38.83208],[-65.26616,-38.82243],[-65.31219,-38.83075],[-65.3375,-38.84572],[-65.38073,-38.85305],[-65.3909,-38.83042],[-65.43772,-38.81544],[-65.45605,-38.81544],[-65.50248,-38.79814],[-65.52639,-38.7785],[-65.57162,-38.78416],[-65.5774,-38.77551],[-65.6033,-38.77684],[-65.61406,-38.80712],[-65.62502,-38.8028],[-65.64853,-38.81112],[-65.64853,-38.82443],[-65.685,-38.83142],[-65.69576,-38.83142],[-65.70174,-38.81644],[-65.71628,-38.81877],[-65.77965,-38.81012],[-65.79021,-38.79614],[-65.80435,-38.79348],[-65.82707,-38.79681],[-65.84102,-38.78649],[-65.85815,-38.7988],[-65.87489,-38.77784],[-65.91255,-38.78117],[-65.91076,-38.76586],[-65.95021,-38.76187],[-65.94722,-38.74822],[-65.9803,-38.74423],[-65.99684,-38.74689],[-66.01975,-38.74123],[-66.0339,-38.75088],[-66.05522,-38.74323],[-66.07494,-38.7439],[-66.07674,-38.73258],[-66.10483,-38.72759],[-66.11081,-38.73624],[-66.13133,-38.73857],[-66.15783,-38.72925],[-66.16282,-38.73724],[-66.18553,-38.73158],[-66.21562,-38.74024],[-66.2469,-38.73558],[-66.26045,-38.74489],[-66.31266,-38.74423],[-66.34175,-38.75787],[-66.3545,-38.74623],[-66.37482,-38.74589],[-66.38837,-38.7389],[-66.40451,-38.74423],[-66.44456,-38.74556],[-66.47445,-38.72892],[-66.4894,-38.72826],[-66.49876,-38.71794],[-66.52347,-38.71594],[-66.53582,-38.72094],[-66.55336,-38.69831],[-66.57289,-38.70197],[-66.60676,-38.67967],[-66.59201,-38.66969],[-66.5966,-38.64773],[-66.58305,-38.63441],[-66.57886,-38.62044],[-66.59022,-38.61578],[-66.59979,-38.59981],[-66.5952,-38.58882],[-66.61573,-38.55854],[-66.63386,-38.55688],[-66.63306,-38.5459],[-66.64482,-38.53791],[-66.66315,-38.53824],[-66.69025,-38.52959],[-66.71356,-38.53092],[-66.71256,-38.5226],[-66.74664,-38.51761],[-66.75102,-38.50863],[-66.76636,-38.5043],[-66.78131,-38.484],[-66.79207,-38.47968],[-66.8096,-38.48467],[-66.83132,-38.47735],[-66.85443,-38.47568],[-66.86918,-38.46503],[-66.89309,-38.46037],[-66.89688,-38.44374],[-66.94888,-38.45272],[-66.97279,-38.44307],[-66.99431,-38.4464],[-67.00707,-38.42444],[-67.03058,-38.41545],[-67.05708,-38.41179],[-67.06983,-38.40214],[-67.09175,-38.39948],[-67.10271,-38.37851],[-67.11785,-38.35755],[-67.13937,-38.36154],[-67.15591,-38.34956],[-67.14774,-38.33159],[-67.1583,-38.30797],[-67.15272,-38.29266],[-67.17245,-38.27935],[-67.17743,-38.26204],[-67.19656,-38.25372],[-67.186,-38.21645],[-67.19915,-38.21213],[-67.26112,-38.21712],[-67.28124,-38.22511],[-67.31711,-38.24773],[-67.36413,-38.25372],[-67.43029,-38.25306],[-67.52872,-38.25772],[-67.54785,-38.25639],[-67.59328,-38.24075],[-67.65644,-38.20181],[-67.6684,-38.17952],[-67.68235,-38.16254],[-67.68553,-38.13825],[-67.69729,-38.1266],[-67.71542,-38.1306],[-67.73017,-38.11496],[-67.72578,-38.09299],[-67.74232,-38.07569],[-67.78417,-38.0534],[-67.79014,-38.06338],[-67.81206,-38.0707],[-67.83298,-38.05772],[-67.86367,-38.05173],[-67.86845,-38.03642],[-67.8832,-38.01879],[-67.89316,-38.01446],[-67.89137,-37.99915],[-67.90392,-37.98351],[-67.87463,-37.95456],[-67.87303,-37.94059],[-67.84534,-37.91796],[-67.81943,-37.90864],[-67.81366,-37.90065],[-67.78038,-37.894],[-67.7481,-37.86505],[-67.73276,-37.85972],[-67.72758,-37.84541],[-67.72778,-37.81713],[-67.721,-37.80648],[-67.72558,-37.79184],[-67.73734,-37.79184],[-67.74412,-37.7762],[-67.74073,-37.76322],[-67.75766,-37.74591],[-67.75149,-37.73793],[-67.76484,-37.72362],[-67.76065,-37.71031],[-67.77361,-37.68768],[-67.76842,-37.67537],[-67.79333,-37.64642],[-67.81366,-37.64309],[-67.84713,-37.61813],[-67.87901,-37.62013],[-67.90452,-37.61447],[-67.92384,-37.61713],[-67.93819,-37.60515],[-67.94995,-37.60282],[-67.98063,-37.60914],[-67.99099,-37.60415],[-68.01909,-37.60282],[-68.04579,-37.59583],[-68.06572,-37.60182],[-68.09002,-37.59317],[-68.10019,-37.5955],[-68.13027,-37.59118],[-68.1514,-37.58053],[-68.20181,-37.58885],[-68.23967,-37.58419],[-68.25003,-37.57653],[-68.25003,-37.57487],[-68.25003,-37.36323],[-68.25003,-37.12064],[-68.25003,-36.80284],[-68.25023,-36.52464],[-68.25023,-36.17257],[-68.29606,-36.17257],[-68.29606,-35.99953],[-68.27115,-35.99953],[-68.10178,-35.99953],[-67.84833,-35.99953],[-67.55243,-35.99953],[-67.19496,-35.99953],[-67.1324,-35.99953],[-66.97598,-35.99953],[-66.63784,-35.99953],[-66.47326,-35.99953],[-66.1925,-35.99953],[-66.01776,-35.99953],[-65.26576,-35.99953],[-65.11692,-35.99953],[-65.11692,-35.9789],[-65.11712,-35.8012],[-65.11732,-35.32833],[-65.11752,-34.99988],[-64.83995,-34.99988],[-64.48069,-35.00021],[-64.25155,-35.00021],[-63.93493,-35.00021],[-63.68207,-35.00021],[-63.38578,-35.00021],[-63.38598,-35.24314],[-63.38558,-35.36959],[-63.38558,-35.45545],[-63.38558,-35.63481],[-63.38538,-35.88372]]]]}},{"type":"Feature","properties":{"provincia":"La Rioja","indec":"46","source_name":"La Rioja"},"geometry":{"type":"MultiPolygon","coordinates":[[[[-66.82534,-31.76135],[-66.84527,-31.71443],[-66.87516,-31.63256],[-66.95845,-31.63256],[-67.0782,-31.4339],[-67.10908,-31.38299],[-67.07521,-31.22758],[-67.12582,-31.16069],[-67.09992,-31.08349],[-67.09215,-31.06086],[-67.1039,-31.02492],[-67.11247,-31.01061],[-67.1041,-30.97501],[-67.08497,-30.9201],[-67.08537,-30.91411],[-67.12503,-30.89747],[-67.14256,-30.87983],[-67.1577,-30.85754],[-67.17046,-30.84789],[-67.19716,-30.81361],[-67.22067,-30.76902],[-67.25315,-30.73674],[-67.28284,-30.69515],[-67.29878,-30.6815],[-67.38665,-30.6429],[-67.42451,-30.61428],[-67.43088,-30.59864],[-67.44623,-30.57801],[-67.48488,-30.54806],[-67.5078,-30.51578],[-67.57694,-30.4063],[-67.57674,-30.37901],[-67.59168,-30.32644],[-67.59089,-30.29815],[-67.60643,-30.29316],[-67.63492,-30.26421],[-67.67876,-30.23126],[-67.68633,-30.21496],[-67.81625,-30.1271],[-67.81744,-30.12145],[-67.85709,-30.10048],[-67.87005,-30.08983],[-67.87264,-30.07952],[-67.88758,-30.07985],[-67.90531,-30.06721],[-67.90432,-30.06022],[-67.95911,-30.01063],[-67.96848,-30.0093],[-67.99199,-29.97935],[-67.99817,-29.97569],[-68.01311,-29.9494],[-68.04559,-29.90814],[-68.07249,-29.8915],[-68.10517,-29.88418],[-68.15957,-29.88418],[-68.16335,-29.86521],[-68.1769,-29.85856],[-68.18427,-29.84824],[-68.18208,-29.82262],[-68.18587,-29.80099],[-68.19902,-29.78102],[-68.22213,-29.78435],[-68.23229,-29.77869],[-68.25381,-29.78069],[-68.2586,-29.76472],[-68.26776,-29.75873],[-68.25879,-29.74675],[-68.44131,-29.65058],[-68.46762,-29.64425],[-68.52022,-29.6376],[-68.57302,-29.63793],[-68.62184,-29.64558],[-68.63957,-29.63893],[-68.66867,-29.63993],[-68.68142,-29.64658],[-68.69078,-29.63826],[-68.7129,-29.62895],[-68.73542,-29.62529],[-68.74777,-29.63161],[-68.77128,-29.63127],[-68.78324,-29.62462],[-68.80476,-29.62529],[-68.83166,-29.63394],[-68.8735,-29.63161],[-68.89701,-29.60931],[-68.90777,-29.61996],[-68.93647,-29.62395],[-68.93408,-29.64459],[-68.95739,-29.65756],[-69.01358,-29.63959],[-69.01976,-29.62529],[-69.02314,-29.59367],[-69.03191,-29.58469],[-69.0343,-29.55906],[-69.02952,-29.54242],[-69.03131,-29.52379],[-69.009,-29.49517],[-69.00142,-29.47887],[-68.98987,-29.4782],[-68.97512,-29.45657],[-68.97413,-29.44259],[-68.9801,-29.42263],[-68.99664,-29.41531],[-69.00242,-29.402],[-68.98787,-29.37504],[-68.97452,-29.36406],[-68.98548,-29.32845],[-68.97333,-29.31547],[-68.96237,-29.31115],[-68.95819,-29.28486],[-68.98907,-29.27388],[-68.99226,-29.25325],[-68.97911,-29.23062],[-68.98947,-29.21831],[-68.99405,-29.19867],[-69.00083,-29.19002],[-68.99325,-29.17538],[-68.97831,-29.1624],[-68.97512,-29.14975],[-68.96297,-29.14975],[-68.95858,-29.16406],[-68.94683,-29.16872],[-68.93268,-29.1614],[-68.93388,-29.14909],[-68.91495,-29.13445],[-68.91295,-29.11115],[-68.92391,-29.10583],[-68.92531,-29.08952],[-68.91754,-29.07155],[-68.90797,-29.07288],[-68.90837,-29.04726],[-68.91395,-29.02863],[-68.93248,-29.01798],[-68.93168,-28.98903],[-68.94822,-28.97106],[-68.95978,-28.95408],[-68.96117,-28.93944],[-68.95061,-28.93312],[-68.94882,-28.92014],[-68.93348,-28.9075],[-68.93368,-28.89751],[-68.91833,-28.86357],[-68.90817,-28.86091],[-69.16202,-28.76108],[-69.17039,-28.73878],[-69.19869,-28.7095],[-69.20985,-28.68154],[-69.20865,-28.67023],[-69.21782,-28.64827],[-69.21483,-28.63762],[-69.21662,-28.60634],[-69.20247,-28.59635],[-69.31605,-28.41167],[-69.32422,-28.42365],[-69.35072,-28.43862],[-69.37603,-28.4486],[-69.40631,-28.4486],[-69.42544,-28.45193],[-69.4358,-28.44827],[-69.45872,-28.42897],[-69.46968,-28.41566],[-69.48821,-28.414],[-69.52487,-28.42864],[-69.53742,-28.41599],[-69.55516,-28.40568],[-69.5707,-28.40534],[-69.60577,-28.41899],[-69.62988,-28.3937],[-69.62749,-28.37839],[-69.60796,-28.39403],[-69.5966,-28.39004],[-69.58784,-28.37772],[-69.58285,-28.35243],[-69.52348,-28.3298],[-69.52009,-28.3115],[-69.51311,-28.30784],[-69.49917,-28.28322],[-69.50156,-28.26258],[-69.4894,-28.25726],[-69.47446,-28.23663],[-69.48203,-28.22298],[-69.47844,-28.20701],[-69.4621,-28.1927],[-69.45473,-28.18339],[-69.4087,-28.21433],[-69.39057,-28.22199],[-69.3824,-28.21234],[-69.38121,-28.18139],[-69.36288,-28.18006],[-69.33578,-28.16342],[-69.32282,-28.14179],[-69.30728,-28.12848],[-69.30449,-28.10285],[-69.29692,-28.07889],[-69.30111,-28.07257],[-69.27779,-28.05161],[-69.26345,-28.04695],[-69.26604,-28.01467],[-69.25129,-28.00435],[-69.25109,-27.98938],[-69.23376,-27.96575],[-69.2212,-27.97141],[-69.21064,-27.96442],[-69.18056,-27.97141],[-69.15565,-27.94778],[-69.15664,-27.93414],[-69.12078,-27.89753],[-69.13154,-27.87191],[-69.1152,-27.85827],[-69.10902,-27.84662],[-69.09527,-27.79471],[-68.79898,-27.75577],[-68.78543,-27.76809],[-68.74139,-27.78273],[-68.72207,-27.79238],[-68.72964,-27.80569],[-68.71589,-27.81534],[-68.70294,-27.81601],[-68.66508,-27.81002],[-68.64097,-27.80203],[-68.62423,-27.79171],[-68.60929,-27.7987],[-68.58797,-27.81867],[-68.56685,-27.78306],[-68.56326,-27.77042],[-68.56166,-27.73547],[-68.54612,-27.71118],[-68.53716,-27.71518],[-68.53397,-27.73348],[-68.53895,-27.75378],[-68.53477,-27.76675],[-68.53915,-27.78539],[-68.5264,-27.80369],[-68.51444,-27.83863],[-68.48973,-27.84662],[-68.45825,-27.85194],[-68.45187,-27.86858],[-68.44032,-27.87357],[-68.44092,-27.89687],[-68.44908,-27.91683],[-68.45387,-27.93913],[-68.45187,-27.97174],[-68.45427,-27.9947],[-68.46104,-28.00469],[-68.45725,-28.01467],[-68.43992,-28.02532],[-68.41103,-28.00668],[-68.39389,-28.00502],[-68.38413,-28.01201],[-68.35165,-28.01733],[-68.34248,-28.02332],[-68.33591,-28.03763],[-68.312,-28.02432],[-68.29426,-28.02332],[-68.29048,-28.03197],[-68.29606,-28.06259],[-68.28968,-28.08089],[-68.27474,-28.0952],[-68.25521,-28.08355],[-68.24624,-28.07124],[-68.23409,-28.08222],[-68.18308,-28.08588],[-68.17232,-28.09221],[-68.16494,-28.10851],[-68.14123,-28.10186],[-68.13725,-28.11783],[-68.12948,-28.12249],[-68.1235,-28.15011],[-68.11095,-28.17074],[-68.07986,-28.16675],[-68.05376,-28.13979],[-68.03443,-28.14445],[-68.02347,-28.13846],[-68.02228,-28.12482],[-67.93799,-28.10818],[-67.91488,-28.11417],[-67.92464,-28.13813],[-67.92604,-28.15843],[-67.92225,-28.17407],[-67.91269,-28.18538],[-67.91149,-28.20901],[-67.90511,-28.23297],[-67.89376,-28.24961],[-67.89416,-28.25926],[-67.87363,-28.26957],[-67.87164,-28.28555],[-67.86068,-28.2942],[-67.84135,-28.31317],[-67.84653,-28.32614],[-67.84872,-28.3531],[-67.84633,-28.3744],[-67.81565,-28.37606],[-67.80588,-28.34977],[-67.77938,-28.34811],[-67.75627,-28.35376],[-67.76245,-28.33413],[-67.73893,-28.32015],[-67.7202,-28.32115],[-67.70666,-28.3145],[-67.68792,-28.31184],[-67.44643,-28.36807],[-67.37529,-28.38438],[-67.15551,-28.38438],[-67.07461,-28.27024],[-67.04732,-28.26791],[-67.02958,-28.25793],[-67.01623,-28.25427],[-66.99013,-28.26325],[-66.94251,-28.26625],[-66.78191,-28.2759],[-66.57089,-28.28854],[-66.5157,-28.46258],[-66.51689,-28.48421],[-66.53224,-28.53146],[-66.49637,-28.53146],[-66.49617,-28.62231],[-66.39595,-28.67689],[-66.38519,-28.69352],[-66.38379,-28.70517],[-66.37263,-28.71881],[-66.35251,-28.72181],[-66.35291,-28.73279],[-66.36626,-28.74544],[-66.38937,-28.80201],[-66.40989,-28.81432],[-66.40013,-28.83928],[-66.40431,-28.84993],[-66.39634,-28.8659],[-66.36805,-28.86623],[-66.3282,-28.87588],[-66.31206,-28.88686],[-66.28556,-28.88919],[-66.09945,-28.9441],[-65.94782,-29.07754],[-65.9259,-29.0822],[-65.81471,-29.18103],[-65.81452,-29.26988],[-65.74816,-29.26955],[-65.71728,-29.32845],[-65.71947,-29.40998],[-65.63957,-29.60133],[-65.58955,-29.72079],[-65.54492,-29.82761],[-65.42298,-30.11945],[-65.49052,-30.37169],[-65.52081,-30.4845],[-65.59812,-30.65688],[-65.64176,-30.75405],[-65.77207,-31.04456],[-65.77148,-31.26152],[-65.77128,-31.36834],[-65.77088,-31.53107],[-65.77048,-31.74338],[-65.77008,-31.8888],[-65.82508,-31.89712],[-65.86632,-31.90244],[-65.88764,-31.9101],[-65.91414,-31.9101],[-65.94144,-31.90311],[-65.9791,-31.88913],[-66.06917,-31.93638],[-66.07953,-31.97133],[-66.13153,-31.94371],[-66.15126,-31.93605],[-66.16122,-31.93838],[-66.16023,-31.96367],[-66.22837,-31.94138],[-66.2997,-31.93106],[-66.33238,-31.93805],[-66.33816,-31.94371],[-66.3549,-31.99063],[-66.36845,-31.99728],[-66.39375,-31.98464],[-66.56651,-31.95036],[-66.60477,-31.93406],[-66.60457,-31.92341],[-66.66175,-31.92041],[-66.72273,-31.88381],[-66.76836,-31.84787],[-66.79207,-31.82524],[-66.80422,-31.80893],[-66.82534,-31.76135]]]]}},{"type":"Feature","properties":{"provincia":"Mendoza","indec":"50","source_name":"Mendoza"},"geometry":{"type":"MultiPolygon","coordinates":[[[[-66.64781,-34.74298],[-66.65159,-34.75729],[-66.64083,-34.76528],[-66.60855,-34.77393],[-66.5958,-34.7899],[-66.60337,-34.80088],[-66.56452,-34.82784],[-66.55137,-34.87143],[-66.54539,-34.88308],[-66.55455,-34.89073],[-66.55276,-34.91735],[-66.54001,-34.91702],[-66.52606,-34.94264],[-66.52586,-34.95096],[-66.54638,-34.96794],[-66.53622,-34.98224],[-66.53921,-35.01086],[-66.52247,-35.02184],[-66.52048,-35.04248],[-66.50494,-35.09306],[-66.47864,-35.14031],[-66.49418,-35.15662],[-66.49836,-35.19222],[-66.4878,-35.21818],[-66.48681,-35.23914],[-66.5159,-35.27176],[-66.51809,-35.28673],[-66.50833,-35.30204],[-66.49577,-35.31002],[-66.49836,-35.34297],[-66.50633,-35.35362],[-66.50673,-35.37558],[-66.5145,-35.38889],[-66.50833,-35.39655],[-66.52427,-35.41585],[-66.52287,-35.42882],[-66.52965,-35.44679],[-66.51729,-35.47009],[-66.52486,-35.49039],[-66.52287,-35.50736],[-66.52765,-35.51767],[-66.52586,-35.54064],[-66.53303,-35.54363],[-66.53981,-35.56293],[-66.56312,-35.57325],[-66.57069,-35.58223],[-66.5697,-35.6002],[-66.56272,-35.62449],[-66.54818,-35.63747],[-66.55914,-35.65245],[-66.55834,-35.67275],[-66.5699,-35.69404],[-66.58066,-35.70369],[-66.58404,-35.75694],[-66.58165,-35.76992],[-66.60457,-35.82782],[-66.6223,-35.84845],[-66.62071,-35.88339],[-66.62728,-35.89703],[-66.62848,-35.9373],[-66.61832,-35.94762],[-66.62529,-35.98023],[-66.63784,-35.99953],[-66.97598,-35.99953],[-67.1324,-35.99953],[-67.19496,-35.99953],[-67.55243,-35.99953],[-67.84833,-35.99953],[-68.10178,-35.99953],[-68.27115,-35.99953],[-68.29606,-35.99953],[-68.29606,-36.17257],[-68.25023,-36.17257],[-68.25023,-36.52464],[-68.25003,-36.80284],[-68.25003,-37.12064],[-68.25003,-37.36323],[-68.25003,-37.57487],[-68.28988,-37.5589],[-68.29964,-37.56289],[-68.31518,-37.55657],[-68.34906,-37.55657],[-68.35085,-37.54958],[-68.38652,-37.5589],[-68.40266,-37.55856],[-68.43673,-37.54459],[-68.45227,-37.52995],[-68.45666,-37.50965],[-68.47897,-37.49068],[-68.4979,-37.45773],[-68.52062,-37.4584],[-68.54991,-37.44975],[-68.56127,-37.4554],[-68.58119,-37.45441],[-68.60969,-37.43877],[-68.63499,-37.44742],[-68.6589,-37.44742],[-68.69776,-37.44176],[-68.70214,-37.41348],[-68.7137,-37.40416],[-68.72306,-37.38818],[-68.74837,-37.38053],[-68.7669,-37.36655],[-68.78105,-37.36722],[-68.81392,-37.38619],[-68.84421,-37.38885],[-68.86613,-37.40116],[-68.88466,-37.38186],[-68.93806,-37.37787],[-68.94185,-37.37188],[-69.00142,-37.37354],[-69.02613,-37.36489],[-69.03709,-37.35291],[-69.04546,-37.33461],[-69.03928,-37.32296],[-69.04885,-37.31764],[-69.04466,-37.29967],[-69.04964,-37.28835],[-69.03888,-37.26872],[-69.03829,-37.25574],[-69.06439,-37.22346],[-69.09149,-37.21814],[-69.10444,-37.20516],[-69.13313,-37.20183],[-69.13831,-37.19551],[-69.16282,-37.18719],[-69.17338,-37.17787],[-69.22519,-37.17088],[-69.26225,-37.15491],[-69.26683,-37.14526],[-69.28596,-37.1446],[-69.29911,-37.15491],[-69.31884,-37.15092],[-69.33777,-37.15258],[-69.35291,-37.1639],[-69.37662,-37.15957],[-69.39635,-37.17188],[-69.42006,-37.16955],[-69.42664,-37.15957],[-69.45473,-37.16489],[-69.46669,-37.17255],[-69.49399,-37.17488],[-69.51252,-37.16722],[-69.53085,-37.17421],[-69.55695,-37.16157],[-69.57608,-37.16323],[-69.58066,-37.15158],[-69.61175,-37.14859],[-69.62988,-37.13761],[-69.70002,-37.10034],[-69.70859,-37.10233],[-69.72612,-37.08603],[-69.75561,-37.06872],[-69.7584,-37.04976],[-69.76856,-37.02313],[-69.76458,-37.00017],[-69.77633,-36.99085],[-69.77872,-36.96323],[-69.77115,-36.9233],[-69.77155,-36.90001],[-69.75242,-36.8867],[-69.76497,-36.87339],[-69.78669,-36.86939],[-69.81997,-36.84909],[-69.85065,-36.84643],[-69.86221,-36.83645],[-69.87955,-36.80816],[-69.89489,-36.8055],[-69.92179,-36.79485],[-69.92757,-36.78354],[-69.9194,-36.76524],[-69.92498,-36.75292],[-69.94012,-36.74793],[-69.94749,-36.72164],[-69.96323,-36.707],[-69.98754,-36.69302],[-70.01285,-36.69436],[-70.01205,-36.67905],[-70.02839,-36.66174],[-70.04254,-36.65908],[-70.05808,-36.63545],[-70.07123,-36.62214],[-70.07601,-36.6065],[-70.08618,-36.60184],[-70.09375,-36.5872],[-70.10451,-36.5872],[-70.12344,-36.56823],[-70.12264,-36.5516],[-70.13838,-36.52664],[-70.15054,-36.52198],[-70.15691,-36.51067],[-70.18282,-36.4907],[-70.19118,-36.46341],[-70.20155,-36.45376],[-70.20374,-36.43513],[-70.19557,-36.42381],[-70.20613,-36.40684],[-70.20712,-36.37523],[-70.2145,-36.36591],[-70.21769,-36.33663],[-70.22924,-36.32498],[-70.24777,-36.32198],[-70.27268,-36.32398],[-70.30317,-36.34062],[-70.31672,-36.33363],[-70.33943,-36.33596],[-70.36055,-36.30601],[-70.35936,-36.29403],[-70.37211,-36.27939],[-70.3747,-36.25942],[-70.36952,-36.2328],[-70.39502,-36.1942],[-70.39203,-36.17922],[-70.39323,-36.13696],[-70.39741,-36.11933],[-70.41515,-36.11001],[-70.42531,-36.09836],[-70.41057,-36.05643],[-70.38845,-36.05211],[-70.37251,-36.04345],[-70.37012,-36.03414],[-70.38048,-36.02515],[-70.38287,-36.00518],[-70.37849,-35.98954],[-70.42073,-35.97623],[-70.41814,-35.96093],[-70.39144,-35.95161],[-70.36872,-35.92266],[-70.40917,-35.92266],[-70.42511,-35.91301],[-70.41993,-35.88605],[-70.42192,-35.87674],[-70.40638,-35.86708],[-70.39004,-35.87075],[-70.37948,-35.86542],[-70.37749,-35.84878],[-70.33784,-35.83314],[-70.31652,-35.8185],[-70.33525,-35.7972],[-70.35896,-35.80086],[-70.37868,-35.78789],[-70.37908,-35.76625],[-70.35876,-35.75461],[-70.37211,-35.71068],[-70.38685,-35.69171],[-70.39761,-35.68772],[-70.40598,-35.67042],[-70.41076,-35.64513],[-70.42372,-35.64113],[-70.41814,-35.62982],[-70.4018,-35.62649],[-70.38466,-35.60519],[-70.39901,-35.57358],[-70.40997,-35.55927],[-70.40598,-35.54596],[-70.41355,-35.52866],[-70.39761,-35.52566],[-70.38147,-35.51302],[-70.38885,-35.50503],[-70.39403,-35.48573],[-70.41375,-35.48839],[-70.44265,-35.46709],[-70.44643,-35.45278],[-70.43268,-35.44646],[-70.45181,-35.39122],[-70.4271,-35.37225],[-70.42013,-35.34829],[-70.43049,-35.34131],[-70.43507,-35.31801],[-70.46018,-35.31934],[-70.46835,-35.31302],[-70.49445,-35.32134],[-70.51239,-35.31036],[-70.56638,-35.29938],[-70.58372,-35.2671],[-70.57236,-35.25578],[-70.56419,-35.23548],[-70.56818,-35.22384],[-70.54427,-35.20354],[-70.50083,-35.20154],[-70.47214,-35.20387],[-70.45799,-35.19489],[-70.43986,-35.19389],[-70.42392,-35.1839],[-70.40419,-35.18058],[-70.38984,-35.17059],[-70.37769,-35.17292],[-70.37191,-35.15063],[-70.36115,-35.13565],[-70.37012,-35.11203],[-70.36195,-35.10138],[-70.3739,-35.08574],[-70.37171,-35.06311],[-70.37629,-35.0508],[-70.36035,-35.03482],[-70.36314,-35.00554],[-70.35657,-34.99722],[-70.33166,-34.98424],[-70.33106,-34.93632],[-70.3201,-34.932],[-70.30177,-34.89905],[-70.28902,-34.8924],[-70.29101,-34.88341],[-70.27567,-34.87243],[-70.27965,-34.8518],[-70.26252,-34.83316],[-70.25315,-34.79323],[-70.27009,-34.79157],[-70.28364,-34.78058],[-70.30815,-34.77027],[-70.30635,-34.74731],[-70.2946,-34.73899],[-70.27348,-34.73732],[-70.25853,-34.72867],[-70.24757,-34.69373],[-70.24239,-34.68974],[-70.2139,-34.67743],[-70.2143,-34.66045],[-70.22426,-34.64082],[-70.2137,-34.60721],[-70.19497,-34.58026],[-70.17843,-34.5736],[-70.16767,-34.5553],[-70.15691,-34.54764],[-70.14555,-34.52335],[-70.13001,-34.50072],[-70.12782,-34.48375],[-70.11527,-34.47577],[-70.10212,-34.48209],[-70.08,-34.47044],[-70.06804,-34.45447],[-70.0537,-34.44781],[-70.04174,-34.42352],[-70.03038,-34.42452],[-70.01285,-34.41221],[-70.00946,-34.39357],[-70.02401,-34.37427],[-70.01664,-34.35397],[-70.01544,-34.33234],[-70.02241,-34.30805],[-70.03218,-34.29241],[-70.00289,-34.26146],[-69.98715,-34.26113],[-69.97838,-34.25248],[-69.96881,-34.25048],[-69.95447,-34.26013],[-69.94092,-34.27943],[-69.90983,-34.29208],[-69.89848,-34.28542],[-69.89967,-34.27045],[-69.88473,-34.26479],[-69.87257,-34.26745],[-69.85384,-34.2568],[-69.82754,-34.2558],[-69.80722,-34.24848],[-69.79666,-34.20722],[-69.81519,-34.17794],[-69.87297,-34.13035],[-69.85603,-34.11604],[-69.85982,-34.10473],[-69.83392,-34.08775],[-69.83192,-34.07345],[-69.84747,-34.06879],[-69.85384,-34.05714],[-69.84308,-34.03584],[-69.82156,-34.01654],[-69.8387,-34.00756],[-69.84567,-33.98127],[-69.85544,-33.96563],[-69.87078,-33.9633],[-69.88114,-33.97528],[-69.90087,-33.97062],[-69.90625,-33.9633],[-69.8925,-33.94],[-69.88971,-33.91937],[-69.85564,-33.89242],[-69.86759,-33.8811],[-69.87417,-33.86014],[-69.89688,-33.84849],[-69.89788,-33.83751],[-69.89489,-33.82453],[-69.89569,-33.78926],[-69.90425,-33.77894],[-69.90047,-33.76097],[-69.87676,-33.73735],[-69.8646,-33.71671],[-69.87397,-33.69375],[-69.88493,-33.6831],[-69.87935,-33.65848],[-69.87138,-33.65415],[-69.87476,-33.62387],[-69.87995,-33.61954],[-69.8654,-33.58294],[-69.87357,-33.55798],[-69.87217,-33.53935],[-69.85444,-33.52437],[-69.8381,-33.51905],[-69.83312,-33.51006],[-69.82953,-33.47645],[-69.81678,-33.47179],[-69.82216,-33.45382],[-69.81399,-33.44251],[-69.81937,-33.42986],[-69.79586,-33.41922],[-69.79945,-33.40424],[-69.77673,-33.38161],[-69.77035,-33.36032],[-69.76896,-33.35033],[-69.76936,-33.34235],[-69.79068,-33.3094],[-69.79905,-33.2891],[-69.81579,-33.28877],[-69.84029,-33.27246],[-69.86002,-33.28344],[-69.87417,-33.27646],[-69.88473,-33.27879],[-69.91701,-33.26647],[-69.95726,-33.28943],[-69.96822,-33.30674],[-70.00229,-33.32304],[-70.01086,-33.30175],[-70.00667,-33.28644],[-70.03835,-33.2698],[-70.027,-33.24651],[-70.02839,-33.23187],[-70.0541,-33.22654],[-70.06446,-33.20524],[-70.06007,-33.19326],[-70.06545,-33.17962],[-70.05708,-33.17197],[-70.06545,-33.15732],[-70.0517,-33.1347],[-70.07342,-33.12371],[-70.06645,-33.10441],[-70.06705,-33.08877],[-70.07462,-33.06348],[-70.09275,-33.0505],[-70.0792,-33.03719],[-70.08139,-33.03021],[-70.0517,-33.02754],[-70.03058,-33.02056],[-70.02202,-33.00991],[-70.02142,-32.98229],[-70.0274,-32.96997],[-70.01943,-32.956],[-69.9999,-32.94335],[-70.00727,-32.93171],[-69.99193,-32.9124],[-69.98974,-32.8981],[-70.00149,-32.88412],[-70.03676,-32.87347],[-70.05609,-32.8575],[-70.05589,-32.83121],[-70.07801,-32.82289],[-70.08359,-32.81291],[-70.08717,-32.80558],[-70.1069,-32.79394],[-70.11567,-32.76698],[-70.13201,-32.755],[-70.13739,-32.73204],[-70.14755,-32.72838],[-70.14276,-32.6798],[-70.14655,-32.65417],[-70.15791,-32.62988],[-70.17026,-32.62589],[-70.16329,-32.59827],[-70.15014,-32.5813],[-70.12623,-32.57431],[-70.11128,-32.58995],[-70.09136,-32.60226],[-70.08757,-32.62289],[-70.06625,-32.62589],[-70.04573,-32.60526],[-70.04174,-32.58496],[-70.0258,-32.57863],[-70.0258,-32.56],[-70.00408,-32.52839],[-69.98436,-32.53105],[-69.96423,-32.54569],[-69.93056,-32.54136],[-69.90605,-32.55401],[-69.90147,-32.561],[-69.85882,-32.56266],[-69.84727,-32.57065],[-69.82734,-32.56266],[-69.82156,-32.54403],[-69.79267,-32.54735],[-69.77095,-32.53105],[-69.76537,-32.51574],[-69.74365,-32.50942],[-69.72313,-32.49644],[-69.705,-32.49644],[-69.70281,-32.47548],[-69.69424,-32.45784],[-69.69882,-32.44353],[-69.68906,-32.43721],[-69.69025,-32.4229],[-69.7042,-32.4036],[-69.73309,-32.39062],[-69.72672,-32.35601],[-69.7307,-32.3417],[-69.72393,-32.31641],[-69.70918,-32.30975],[-69.68089,-32.30343],[-69.6508,-32.26882],[-69.63088,-32.26017],[-69.62569,-32.23921],[-69.61832,-32.23721],[-69.60577,-32.18397],[-69.59581,-32.16234],[-69.5984,-32.14537],[-69.58604,-32.13472],[-69.53105,-32.14104],[-69.51192,-32.12939],[-69.49478,-32.11442],[-69.47705,-32.11042],[-69.47127,-32.09079],[-69.45473,-32.07482],[-69.43401,-32.07648],[-69.41568,-32.0665],[-69.39037,-32.07681],[-69.3832,-32.0645],[-69.34494,-32.0828],[-69.31426,-32.09112],[-69.29413,-32.07116],[-69.28078,-32.07282],[-69.26743,-32.05552],[-69.26245,-32.03322],[-69.24452,-32.01625],[-69.21762,-32.0076],[-69.21104,-32.00926],[-69.18394,-31.99928],[-69.12835,-31.99928],[-69.12636,-32.00194],[-69.11639,-32.00261],[-69.11639,-32.01991],[-69.09368,-32.03156],[-69.08631,-32.05252],[-69.07096,-32.06117],[-69.06439,-32.07449],[-69.02753,-32.09512],[-69.01159,-32.11641],[-68.99684,-32.11775],[-68.95679,-32.10876],[-68.91754,-32.11475],[-68.91754,-32.33804],[-68.66568,-32.33704],[-68.51085,-32.26117],[-68.46283,-32.23788],[-68.46303,-32.13771],[-68.31518,-32.13771],[-68.30403,-32.13771],[-68.24784,-32.09146],[-68.20699,-32.12107],[-68.18666,-32.11275],[-68.16754,-32.11309],[-68.1512,-32.11908],[-68.13745,-32.1071],[-68.1237,-32.10577],[-68.0978,-32.09279],[-68.07269,-32.09844],[-68.05974,-32.07482],[-68.04898,-32.08014],[-68.03344,-32.07615],[-68.02307,-32.08713],[-68.00434,-32.08048],[-67.9888,-32.09345],[-67.98223,-32.08879],[-67.95692,-32.09312],[-67.95832,-32.11508],[-67.93421,-32.11941],[-67.9354,-32.13971],[-67.91727,-32.167],[-67.89694,-32.18031],[-67.88419,-32.18097],[-67.87005,-32.18962],[-67.85849,-32.21125],[-67.83557,-32.21625],[-67.83119,-32.2259],[-67.80828,-32.22689],[-67.79652,-32.22024],[-67.77699,-32.23521],[-67.75747,-32.22689],[-67.73316,-32.22457],[-67.72399,-32.2422],[-67.71323,-32.24586],[-67.69689,-32.23322],[-67.68713,-32.23821],[-67.66142,-32.23422],[-67.64827,-32.23954],[-67.62018,-32.24187],[-67.613,-32.23455],[-67.59447,-32.24653],[-67.57953,-32.23721],[-67.54446,-32.23954],[-67.52673,-32.2229],[-67.50899,-32.24387],[-67.48568,-32.26317],[-67.48807,-32.27149],[-67.48209,-32.29378],[-67.44563,-32.31907],[-67.42391,-32.32772],[-67.39641,-32.33272],[-67.38167,-32.33039],[-67.35517,-32.35202],[-67.33126,-32.35102],[-67.32767,-32.36599],[-67.31771,-32.38197],[-67.3203,-32.38796],[-67.30675,-32.41391],[-67.31013,-32.42489],[-67.29579,-32.43155],[-67.29579,-32.4615],[-67.30137,-32.47082],[-67.2936,-32.49577],[-67.28642,-32.5011],[-67.28602,-32.5194],[-67.29678,-32.53504],[-67.27407,-32.53903],[-67.26211,-32.55368],[-67.26809,-32.57098],[-67.24637,-32.58995],[-67.24398,-32.60459],[-67.25673,-32.62056],[-67.25394,-32.62955],[-67.23721,-32.63487],[-67.23501,-32.65717],[-67.22426,-32.68279],[-67.20871,-32.68645],[-67.18899,-32.6971],[-67.19217,-32.70442],[-67.18002,-32.71807],[-67.18261,-32.72905],[-67.17006,-32.75001],[-67.16707,-32.76332],[-67.1858,-32.77164],[-67.17643,-32.78928],[-67.17743,-32.82056],[-67.19257,-32.83986],[-67.20951,-32.84884],[-67.20951,-32.85716],[-67.22704,-32.85983],[-67.23123,-32.89776],[-67.21429,-32.90874],[-67.21031,-32.94601],[-67.20154,-32.95666],[-67.20134,-32.9733],[-67.19158,-32.98362],[-67.1844,-33.01623],[-67.18341,-33.03919],[-67.18719,-33.0525],[-67.17703,-33.07313],[-67.18341,-33.08711],[-67.18022,-33.10708],[-67.1842,-33.1307],[-67.17185,-33.15233],[-67.16866,-33.16997],[-67.17743,-33.17862],[-67.18261,-33.20558],[-67.17763,-33.21057],[-67.18082,-33.24884],[-67.17464,-33.26448],[-67.17723,-33.27479],[-67.16906,-33.30474],[-67.15232,-33.32704],[-67.1575,-33.37229],[-67.14993,-33.38028],[-67.15272,-33.41256],[-67.14376,-33.42687],[-67.14595,-33.43985],[-67.1314,-33.44983],[-67.1316,-33.47146],[-67.12104,-33.47412],[-67.11506,-33.4881],[-67.09613,-33.50441],[-67.09852,-33.51639],[-67.09135,-33.52803],[-67.09314,-33.53868],[-67.06525,-33.55166],[-67.07023,-33.56497],[-67.03715,-33.59692],[-67.00866,-33.61821],[-67.00408,-33.62986],[-67.00368,-33.66846],[-66.98136,-33.68909],[-66.97419,-33.68909],[-66.96124,-33.71804],[-66.94908,-33.73235],[-66.88432,-33.76796],[-66.88074,-33.78759],[-66.88353,-33.80323],[-66.87416,-33.83152],[-66.85384,-33.84417],[-66.83949,-33.84749],[-66.8108,-33.8628],[-66.80064,-33.8628],[-66.79267,-33.88077],[-66.76517,-33.89574],[-66.75002,-33.91471],[-66.73648,-33.91139],[-66.7285,-33.92802],[-66.70977,-33.93668],[-66.68965,-33.93734],[-66.66634,-33.96097],[-66.67212,-33.97062],[-66.66355,-33.98593],[-66.68706,-34.00223],[-66.70758,-34.02286],[-66.69961,-34.04682],[-66.71316,-34.05315],[-66.71755,-34.07178],[-66.71177,-34.0811],[-66.71276,-34.10107],[-66.72512,-34.1217],[-66.72273,-34.13168],[-66.73269,-34.14],[-66.71237,-34.15231],[-66.7303,-34.18326],[-66.71954,-34.19058],[-66.72731,-34.20256],[-66.71974,-34.20988],[-66.72572,-34.22186],[-66.74584,-34.2212],[-66.7827,-34.23118],[-66.78828,-34.25281],[-66.80143,-34.25847],[-66.78649,-34.26945],[-66.77653,-34.29773],[-66.80362,-34.30639],[-66.80263,-34.338],[-66.81299,-34.34366],[-66.79167,-34.36395],[-66.7845,-34.37926],[-66.77115,-34.37527],[-66.76557,-34.38891],[-66.77294,-34.40422],[-66.78828,-34.42186],[-66.77334,-34.42452],[-66.75839,-34.4345],[-66.75321,-34.45547],[-66.76477,-34.49673],[-66.7574,-34.51171],[-66.7572,-34.53433],[-66.76616,-34.55097],[-66.75859,-34.56628],[-66.7291,-34.58691],[-66.73329,-34.60089],[-66.72611,-34.6112],[-66.7042,-34.62318],[-66.70619,-34.63949],[-66.68228,-34.69007],[-66.63904,-34.72268],[-66.64781,-34.74298]]]]}},{"type":"Feature","properties":{"provincia":"Misiones","indec":"54","source_name":"Misiones"},"geometry":{"type":"MultiPolygon","coordinates":[[[[-54.64718,-26.18409],[-54.66492,-26.17012],[-54.67408,-26.14283],[-54.64898,-26.11654],[-54.6438,-26.08859],[-54.65057,-26.06429],[-54.67667,-26.01771],[-54.67887,-25.99475],[-54.67269,-25.98443],[-54.65555,-25.97944],[-54.62367,-25.98543],[-54.61072,-25.97777],[-54.60674,-25.96114],[-54.62168,-25.93518],[-54.62208,-25.91255],[-54.6155,-25.89558],[-54.59637,-25.86164],[-54.5886,-25.841],[-54.5888,-25.8227],[-54.61112,-25.79808],[-54.62586,-25.77711],[-54.63224,-25.76247],[-54.63463,-25.73751],[-54.64061,-25.71988],[-54.65655,-25.69092],[-54.65814,-25.67828],[-54.64997,-25.66464],[-54.63045,-25.65964],[-54.60733,-25.6683],[-54.58362,-25.6663],[-54.58283,-25.65266],[-54.59657,-25.62337],[-54.59339,-25.59342],[-54.55453,-25.58777],[-54.535,-25.59875],[-54.5356,-25.62171],[-54.52763,-25.62836],[-54.49993,-25.61472],[-54.46805,-25.63801],[-54.44833,-25.66098],[-54.44036,-25.68793],[-54.42462,-25.68926],[-54.42641,-25.66397],[-54.42203,-25.65499],[-54.4019,-25.64467],[-54.38895,-25.62504],[-54.39094,-25.6054],[-54.37082,-25.59475],[-54.35926,-25.6044],[-54.34192,-25.60141],[-54.33156,-25.57579],[-54.3214,-25.5668],[-54.28733,-25.55582],[-54.28035,-25.55881],[-54.25345,-25.59675],[-54.23433,-25.59143],[-54.23672,-25.57146],[-54.21998,-25.56647],[-54.20384,-25.57978],[-54.1867,-25.58577],[-54.17276,-25.57712],[-54.18192,-25.56547],[-54.20185,-25.55981],[-54.20763,-25.54384],[-54.19567,-25.53452],[-54.16678,-25.54284],[-54.13769,-25.51555],[-54.11696,-25.49958],[-54.10421,-25.49459],[-54.09365,-25.49958],[-54.09405,-25.51489],[-54.12314,-25.56214],[-54.12234,-25.57812],[-54.10461,-25.61472],[-54.08887,-25.60973],[-54.08986,-25.5891],[-54.08329,-25.56081],[-54.07253,-25.55948],[-54.0544,-25.58377],[-54.03945,-25.58178],[-54.02829,-25.56614],[-54.01335,-25.56447],[-54.00239,-25.57945],[-53.97031,-25.60074],[-53.96075,-25.63036],[-53.96254,-25.64334],[-53.95138,-25.64667],[-53.94261,-25.61771],[-53.91273,-25.63602],[-53.89479,-25.62271],[-53.89519,-25.64167],[-53.88961,-25.65698],[-53.86211,-25.65898],[-53.85454,-25.67362],[-53.85534,-25.69159],[-53.85036,-25.70124],[-53.87845,-25.7069],[-53.85893,-25.7232],[-53.8665,-25.74051],[-53.84936,-25.74084],[-53.83701,-25.74849],[-53.84837,-25.75781],[-53.85235,-25.76913],[-53.8386,-25.77279],[-53.82186,-25.79908],[-53.82724,-25.81305],[-53.8384,-25.81638],[-53.84279,-25.83901],[-53.83183,-25.85964],[-53.8396,-25.8826],[-53.83442,-25.89525],[-53.81987,-25.89758],[-53.82346,-25.92952],[-53.84239,-25.93218],[-53.84,-25.95381],[-53.81907,-25.97644],[-53.81788,-25.99009],[-53.79297,-26.00639],[-53.78221,-26.00772],[-53.78022,-26.02004],[-53.74475,-26.04433],[-53.73758,-26.04133],[-53.72722,-26.06696],[-53.74256,-26.08193],[-53.74435,-26.11621],[-53.72164,-26.12952],[-53.71048,-26.13052],[-53.69912,-26.15348],[-53.68219,-26.16213],[-53.65788,-26.19274],[-53.6523,-26.20639],[-53.64114,-26.21571],[-53.65349,-26.23501],[-53.64413,-26.241],[-53.64214,-26.26828],[-53.64592,-26.28659],[-53.6527,-26.29058],[-53.66385,-26.31454],[-53.68537,-26.33517],[-53.70012,-26.36279],[-53.69793,-26.37643],[-53.70769,-26.39507],[-53.69673,-26.40173],[-53.7055,-26.41637],[-53.68856,-26.42801],[-53.68956,-26.44365],[-53.71128,-26.46662],[-53.70231,-26.48991],[-53.71128,-26.50389],[-53.7308,-26.51087],[-53.72283,-26.52751],[-53.74077,-26.54715],[-53.72742,-26.55014],[-53.72004,-26.56146],[-53.72244,-26.58175],[-53.73419,-26.61337],[-53.72941,-26.62069],[-53.75671,-26.64432],[-53.73559,-26.64531],[-53.72562,-26.66694],[-53.72981,-26.67926],[-53.72503,-26.69124],[-53.73559,-26.71852],[-53.74754,-26.74182],[-53.72861,-26.74049],[-53.71447,-26.75014],[-53.71825,-26.75945],[-53.73658,-26.76744],[-53.71706,-26.78108],[-53.69713,-26.81237],[-53.69912,-26.82634],[-53.66166,-26.86361],[-53.68298,-26.86727],[-53.69554,-26.88691],[-53.67402,-26.89256],[-53.68139,-26.91619],[-53.69593,-26.93117],[-53.70988,-26.93749],[-53.70112,-26.9528],[-53.71148,-26.96544],[-53.72861,-26.96378],[-53.7308,-26.98008],[-53.74017,-26.9904],[-53.7326,-27.00804],[-53.74236,-27.01403],[-53.75571,-27.00471],[-53.76029,-27.01569],[-53.74973,-27.02168],[-53.77265,-27.05396],[-53.79158,-27.04298],[-53.80473,-27.07659],[-53.80174,-27.0859],[-53.77723,-27.10121],[-53.79337,-27.10986],[-53.81429,-27.12916],[-53.80174,-27.13649],[-53.80054,-27.1468],[-53.82605,-27.1448],[-53.84737,-27.15778],[-53.86132,-27.1285],[-53.87825,-27.1275],[-53.88463,-27.13515],[-53.88802,-27.15379],[-53.89738,-27.1701],[-53.91073,-27.17675],[-53.93564,-27.15545],[-53.94819,-27.15146],[-53.95995,-27.16011],[-53.95696,-27.18507],[-53.96274,-27.19772],[-54.00538,-27.19705],[-54.01375,-27.20637],[-54.01455,-27.22733],[-54.0269,-27.25495],[-54.05519,-27.2636],[-54.07711,-27.29655],[-54.10182,-27.3032],[-54.13191,-27.30121],[-54.15881,-27.29189],[-54.15462,-27.27192],[-54.1596,-27.25795],[-54.17335,-27.25495],[-54.1863,-27.2666],[-54.19308,-27.29222],[-54.19168,-27.30387],[-54.20743,-27.33216],[-54.2132,-27.35678],[-54.2148,-27.3834],[-54.22875,-27.39239],[-54.24708,-27.39305],[-54.26601,-27.40237],[-54.26939,-27.41535],[-54.2672,-27.43498],[-54.28155,-27.44729],[-54.2945,-27.44463],[-54.30287,-27.42966],[-54.321,-27.41169],[-54.33993,-27.4037],[-54.34551,-27.42067],[-54.34392,-27.43265],[-54.33375,-27.44763],[-54.34192,-27.4656],[-54.35328,-27.46626],[-54.37121,-27.44962],[-54.39652,-27.41269],[-54.41525,-27.40736],[-54.43358,-27.423],[-54.46467,-27.42367],[-54.46666,-27.4413],[-54.44354,-27.45961],[-54.44932,-27.47625],[-54.46726,-27.48057],[-54.50432,-27.4819],[-54.51986,-27.5022],[-54.537,-27.50253],[-54.54517,-27.48157],[-54.57147,-27.45428],[-54.5908,-27.46094],[-54.59219,-27.47824],[-54.60634,-27.5052],[-54.61391,-27.53149],[-54.62606,-27.54413],[-54.64579,-27.5418],[-54.65595,-27.51551],[-54.66512,-27.50619],[-54.67927,-27.51352],[-54.67847,-27.53215],[-54.67189,-27.56543],[-54.68365,-27.57508],[-54.73008,-27.56177],[-54.74303,-27.56243],[-54.76674,-27.58573],[-54.78387,-27.58007],[-54.79244,-27.54114],[-54.80938,-27.53082],[-54.82831,-27.56077],[-54.84186,-27.61168],[-54.84644,-27.61967],[-54.85621,-27.62799],[-54.89028,-27.62732],[-54.90682,-27.6433],[-54.90044,-27.6992],[-54.90283,-27.72117],[-54.90981,-27.73381],[-54.92893,-27.75411],[-54.93631,-27.77175],[-54.95583,-27.7784],[-54.97656,-27.77108],[-54.9927,-27.77574],[-54.99927,-27.79205],[-55.00824,-27.7977],[-55.02697,-27.79271],[-55.04311,-27.77474],[-55.05367,-27.77042],[-55.07698,-27.77641],[-55.08296,-27.79704],[-55.05327,-27.81601],[-55.03255,-27.82499],[-55.02378,-27.84396],[-55.03275,-27.8566],[-55.0453,-27.85594],[-55.06343,-27.84762],[-55.08854,-27.84229],[-55.11584,-27.85061],[-55.1252,-27.85893],[-55.12381,-27.88356],[-55.13975,-27.89421],[-55.17143,-27.86093],[-55.19713,-27.85727],[-55.22842,-27.8809],[-55.24914,-27.91317],[-55.26926,-27.93114],[-55.2874,-27.93081],[-55.3131,-27.92183],[-55.33223,-27.93281],[-55.33661,-27.96143],[-55.34877,-27.97174],[-55.38364,-27.98106],[-55.38045,-27.99903],[-55.36989,-28.01434],[-55.37049,-28.02831],[-55.38164,-28.03963],[-55.42269,-28.06093],[-55.43046,-28.07657],[-55.4478,-28.09919],[-55.46354,-28.0962],[-55.48346,-28.07756],[-55.49821,-28.08089],[-55.51315,-28.11384],[-55.53607,-28.11916],[-55.54583,-28.13181],[-55.54822,-28.15144],[-55.5548,-28.16275],[-55.56556,-28.16275],[-55.58887,-28.14312],[-55.58389,-28.12781],[-55.58847,-28.11849],[-55.61159,-28.11849],[-55.62015,-28.13746],[-55.64506,-28.13081],[-55.65642,-28.11483],[-55.67794,-28.10385],[-55.69368,-28.09021],[-55.70265,-28.09387],[-55.71679,-28.08089],[-55.7152,-28.06592],[-55.73493,-28.06558],[-55.75824,-28.06093],[-55.75784,-28.04961],[-55.74907,-28.02898],[-55.77677,-28.00702],[-55.77478,-27.99903],[-55.78793,-27.98073],[-55.80347,-27.97341],[-55.80227,-27.96376],[-55.82081,-27.95044],[-55.81443,-27.9195],[-55.83216,-27.90386],[-55.82818,-27.85427],[-55.84053,-27.84496],[-55.84671,-27.83131],[-55.83754,-27.822],[-55.83595,-27.7997],[-55.82579,-27.79171],[-55.83714,-27.78339],[-55.85189,-27.75877],[-55.98101,-27.53914],[-56.00372,-27.52483],[-56.02923,-27.50253],[-56.03879,-27.47791],[-56.03839,-27.46759],[-56.05513,-27.44996],[-56.05473,-27.41934],[-56.036,-27.41435],[-56.04258,-27.40304],[-56.02983,-27.38606],[-56.03859,-27.3448],[-56.02445,-27.33681],[-56.02425,-27.32417],[-56.00313,-27.34214],[-55.97902,-27.35512],[-55.95331,-27.34913],[-55.89632,-27.3428],[-55.86843,-27.3641],[-55.85408,-27.39205],[-55.83894,-27.40736],[-55.81005,-27.41768],[-55.7947,-27.43398],[-55.77737,-27.44363],[-55.74329,-27.44596],[-55.72596,-27.43798],[-55.71201,-27.40969],[-55.68332,-27.37874],[-55.67475,-27.37309],[-55.63849,-27.3621],[-55.59604,-27.33914],[-55.58967,-27.33182],[-55.58768,-27.31319],[-55.59983,-27.29688],[-55.60242,-27.28457],[-55.59345,-27.27525],[-55.57612,-27.27292],[-55.57213,-27.26394],[-55.5799,-27.23632],[-55.61159,-27.21302],[-55.61896,-27.19073],[-55.61537,-27.17109],[-55.60501,-27.16011],[-55.58927,-27.16111],[-55.57472,-27.16876],[-55.56117,-27.16111],[-55.55838,-27.1498],[-55.56536,-27.12218],[-55.56476,-27.10753],[-55.54902,-27.09822],[-55.5265,-27.10088],[-55.48107,-27.11153],[-55.46892,-27.11153],[-55.45118,-27.10221],[-55.45497,-27.07725],[-55.45378,-27.04564],[-55.43903,-27.01403],[-55.4199,-26.99306],[-55.38702,-26.9721],[-55.36909,-26.96444],[-55.30991,-26.96444],[-55.29397,-26.95812],[-55.27365,-26.94248],[-55.25492,-26.93749],[-55.2324,-26.94814],[-55.21527,-26.96411],[-55.20411,-26.96977],[-55.13775,-26.95113],[-55.13018,-26.93582],[-55.14234,-26.91652],[-55.15031,-26.89589],[-55.14154,-26.86627],[-55.12978,-26.85363],[-55.08874,-26.833],[-55.0714,-26.81137],[-55.05745,-26.79905],[-55.02677,-26.78974],[-55.00744,-26.78807],[-54.97596,-26.78974],[-54.95623,-26.78142],[-54.94428,-26.7528],[-54.94866,-26.71187],[-54.94766,-26.6929],[-54.94208,-26.68225],[-54.91957,-26.66828],[-54.88032,-26.65596],[-54.85581,-26.6563],[-54.8315,-26.67393],[-54.81237,-26.66794],[-54.80161,-26.64964],[-54.78487,-26.62335],[-54.78766,-26.59407],[-54.80659,-26.56379],[-54.80061,-26.53616],[-54.78427,-26.51287],[-54.75219,-26.49357],[-54.73526,-26.47493],[-54.70756,-26.45098],[-54.69919,-26.43234],[-54.69541,-26.37577],[-54.66651,-26.33384],[-54.65137,-26.31986],[-54.64938,-26.29857],[-54.67767,-26.27527],[-54.67289,-26.25531],[-54.64499,-26.23567],[-54.62327,-26.22369],[-54.61849,-26.20972],[-54.63204,-26.19308],[-54.64718,-26.18409]]]]}},{"type":"Feature","properties":{"provincia":"Neuquén","indec":"58","source_name":"Neuquén"},"geometry":{"type":"MultiPolygon","coordinates":[[[[-69.75501,-39.87599],[-69.77494,-39.8863],[-69.79626,-39.88464],[-69.81041,-39.89895],[-69.82156,-39.89628],[-69.84607,-39.90993],[-69.866,-39.91093],[-69.88034,-39.92191],[-69.88054,-39.93023],[-69.90067,-39.94054],[-69.9178,-39.93722],[-69.93275,-39.94487],[-69.93614,-39.95685],[-69.94969,-39.95851],[-69.97061,-39.97748],[-69.97678,-39.99944],[-69.99791,-40.02274],[-70.00528,-40.04736],[-69.99611,-40.08596],[-69.99472,-40.10327],[-69.97061,-40.12091],[-69.96961,-40.13655],[-69.95785,-40.15551],[-69.95028,-40.17914],[-69.96523,-40.18546],[-69.98495,-40.17881],[-70.00787,-40.20842],[-70.02759,-40.21575],[-70.05888,-40.24902],[-70.05011,-40.30227],[-70.06266,-40.37448],[-70.10311,-40.40576],[-70.13121,-40.41308],[-70.15313,-40.41408],[-70.17485,-40.42772],[-70.17684,-40.44902],[-70.16807,-40.47431],[-70.17066,-40.48296],[-70.18959,-40.49428],[-70.21868,-40.49694],[-70.24737,-40.50526],[-70.27985,-40.50293],[-70.36733,-40.51857],[-70.41057,-40.53288],[-70.4285,-40.53554],[-70.43727,-40.52289],[-70.46197,-40.51358],[-70.50202,-40.50925],[-70.51358,-40.50326],[-70.53231,-40.50459],[-70.55821,-40.52522],[-70.59567,-40.53754],[-70.62935,-40.5585],[-70.6429,-40.58479],[-70.65386,-40.59145],[-70.68693,-40.59477],[-70.71244,-40.59178],[-70.73316,-40.58013],[-70.74811,-40.58579],[-70.7772,-40.58412],[-70.79513,-40.59045],[-70.85551,-40.59344],[-70.86487,-40.5971],[-70.87304,-40.61474],[-70.89755,-40.62173],[-70.93222,-40.6387],[-70.96091,-40.64169],[-70.97645,-40.64868],[-70.99558,-40.66898],[-71.01172,-40.6793],[-71.01471,-40.69993],[-71.02687,-40.71291],[-71.02507,-40.72089],[-71.0442,-40.72921],[-71.09362,-40.72655],[-71.10218,-40.74618],[-71.12092,-40.7585],[-71.11813,-40.80508],[-71.10119,-40.81274],[-71.09302,-40.82605],[-71.08605,-40.85234],[-71.06891,-40.85067],[-71.03902,-40.88894],[-71.03404,-40.90359],[-71.03643,-40.95583],[-71.05098,-40.96315],[-71.06054,-40.98112],[-71.07289,-40.97912],[-71.09003,-40.99443],[-71.11534,-41.00774],[-71.1253,-41.02272],[-71.13088,-41.04734],[-71.14184,-41.05599],[-71.17491,-41.05633],[-71.21935,-41.08628],[-71.25203,-41.09792],[-71.30622,-41.10025],[-71.36062,-41.08861],[-71.42239,-41.06232],[-71.45646,-41.04169],[-71.50289,-41.03669],[-71.55769,-41.02238],[-71.6077,-41.03503],[-71.63261,-41.0347],[-71.70274,-41.02172],[-71.74837,-41.02238],[-71.78524,-41.01872],[-71.81791,-41.02305],[-71.83146,-41.02971],[-71.84422,-41.02372],[-71.86115,-41.03104],[-71.87132,-41.00475],[-71.90858,-40.97214],[-71.89901,-40.96082],[-71.88805,-40.96814],[-71.87371,-40.96049],[-71.85717,-40.96049],[-71.85438,-40.94651],[-71.86235,-40.93287],[-71.85936,-40.91789],[-71.86872,-40.89194],[-71.90838,-40.858],[-71.91156,-40.84502],[-71.92751,-40.83337],[-71.9297,-40.81806],[-71.92292,-40.78312],[-71.95321,-40.76482],[-71.96437,-40.73687],[-71.93528,-40.70159],[-71.92013,-40.68861],[-71.89981,-40.68163],[-71.88666,-40.66798],[-71.86693,-40.66332],[-71.86813,-40.64968],[-71.84402,-40.62805],[-71.83764,-40.60941],[-71.84023,-40.58712],[-71.85498,-40.59278],[-71.86713,-40.57614],[-71.88546,-40.56316],[-71.85836,-40.55451],[-71.86075,-40.54053],[-71.85199,-40.52622],[-71.85557,-40.50925],[-71.84063,-40.48562],[-71.84681,-40.47897],[-71.83923,-40.46499],[-71.84163,-40.45334],[-71.81991,-40.43271],[-71.82549,-40.42306],[-71.80855,-40.40676],[-71.78285,-40.41075],[-71.77468,-40.4224],[-71.75913,-40.41641],[-71.75575,-40.42939],[-71.73682,-40.4407],[-71.72406,-40.42739],[-71.70872,-40.4224],[-71.69258,-40.40576],[-71.69318,-40.37381],[-71.65771,-40.36416],[-71.65612,-40.34985],[-71.67365,-40.34253],[-71.67166,-40.31125],[-71.68581,-40.29361],[-71.7155,-40.27931],[-71.73622,-40.30626],[-71.74678,-40.30726],[-71.76152,-40.27831],[-71.78763,-40.26599],[-71.79958,-40.25501],[-71.79699,-40.24736],[-71.80795,-40.23272],[-71.82329,-40.23305],[-71.83007,-40.21575],[-71.82708,-40.20543],[-71.81253,-40.20277],[-71.79978,-40.18679],[-71.81891,-40.18047],[-71.8219,-40.16849],[-71.80835,-40.15152],[-71.81353,-40.14353],[-71.80018,-40.13522],[-71.80715,-40.12523],[-71.80038,-40.11292],[-71.81114,-40.1046],[-71.83087,-40.1076],[-71.82708,-40.08996],[-71.81353,-40.08064],[-71.78524,-40.08996],[-71.77109,-40.08963],[-71.73502,-40.10027],[-71.72028,-40.10959],[-71.69597,-40.11691],[-71.67365,-40.1036],[-71.66628,-40.07332],[-71.68621,-40.0437],[-71.68601,-40.02906],[-71.67465,-40.02407],[-71.66489,-39.99146],[-71.64058,-39.9685],[-71.61965,-39.97216],[-71.61427,-39.95618],[-71.62523,-39.93855],[-71.59794,-39.92623],[-71.60232,-39.91592],[-71.59256,-39.90128],[-71.59554,-39.89096],[-71.61268,-39.87432],[-71.6332,-39.88198],[-71.6354,-39.85868],[-71.64556,-39.85236],[-71.66787,-39.86301],[-71.68441,-39.85602],[-71.69178,-39.83905],[-71.69178,-39.82407],[-71.67923,-39.81143],[-71.67843,-39.79113],[-71.68581,-39.77649],[-71.68322,-39.76218],[-71.70215,-39.74587],[-71.71131,-39.72591],[-71.70035,-39.71093],[-71.70015,-39.69329],[-71.67086,-39.69196],[-71.67305,-39.67765],[-71.6888,-39.67699],[-71.69438,-39.65802],[-71.71629,-39.65037],[-71.7143,-39.63306],[-71.69497,-39.62441],[-71.69876,-39.58847],[-71.68401,-39.56784],[-71.67266,-39.56817],[-71.65592,-39.58747],[-71.63619,-39.58581],[-71.61806,-39.59845],[-71.61427,-39.62241],[-71.57661,-39.63639],[-71.54095,-39.62441],[-71.52321,-39.62674],[-71.50169,-39.63772],[-71.49572,-39.61776],[-71.47978,-39.60877],[-71.47081,-39.59113],[-71.473,-39.57716],[-71.46762,-39.56052],[-71.47898,-39.5522],[-71.50448,-39.56019],[-71.51485,-39.54521],[-71.53437,-39.53057],[-71.51943,-39.50661],[-71.48934,-39.49563],[-71.473,-39.4933],[-71.46304,-39.47067],[-71.46184,-39.45403],[-71.4479,-39.45137],[-71.45208,-39.42441],[-71.46025,-39.41343],[-71.4457,-39.40944],[-71.4467,-39.39646],[-71.45806,-39.3765],[-71.44252,-39.36884],[-71.43315,-39.37184],[-71.40167,-39.35187],[-71.39489,-39.34189],[-71.39609,-39.32758],[-71.38573,-39.31826],[-71.39469,-39.30362],[-71.38852,-39.28798],[-71.37517,-39.28465],[-71.37517,-39.26934],[-71.38872,-39.26535],[-71.3921,-39.24971],[-71.38792,-39.23473],[-71.3919,-39.21577],[-71.38114,-39.21144],[-71.40007,-39.18582],[-71.40187,-39.16485],[-71.41342,-39.16385],[-71.42119,-39.15054],[-71.41123,-39.13956],[-71.4198,-39.12625],[-71.40745,-39.09564],[-71.41761,-39.07101],[-71.40067,-39.0374],[-71.42159,-39.02476],[-71.41322,-39.00978],[-71.42618,-39.00246],[-71.44112,-38.9775],[-71.43275,-38.96319],[-71.43873,-38.94256],[-71.42538,-38.9216],[-71.39948,-38.91694],[-71.3921,-38.90795],[-71.37537,-38.90729],[-71.35903,-38.88898],[-71.32854,-38.87468],[-71.32137,-38.88067],[-71.29646,-38.87334],[-71.26797,-38.85305],[-71.26797,-38.82742],[-71.23449,-38.80413],[-71.20679,-38.81677],[-71.18508,-38.81311],[-71.17551,-38.7998],[-71.14921,-38.79947],[-71.13586,-38.7825],[-71.10896,-38.77518],[-71.09322,-38.75488],[-71.06911,-38.76952],[-71.05994,-38.75987],[-71.03404,-38.75687],[-71.00116,-38.77019],[-70.98124,-38.75987],[-70.92843,-38.76386],[-70.91409,-38.74889],[-70.90592,-38.72925],[-70.89057,-38.7206],[-70.884,-38.70263],[-70.90034,-38.68999],[-70.90652,-38.67601],[-70.89576,-38.65571],[-70.8836,-38.64174],[-70.86567,-38.63342],[-70.86268,-38.62543],[-70.83379,-38.60813],[-70.82641,-38.59115],[-70.83717,-38.57851],[-70.83697,-38.55222],[-70.84315,-38.53758],[-70.86288,-38.52427],[-70.87324,-38.51162],[-70.89874,-38.50896],[-70.92943,-38.48267],[-70.92903,-38.47369],[-70.95952,-38.4434],[-70.97725,-38.44274],[-70.98423,-38.42976],[-70.98024,-38.41445],[-70.98622,-38.39781],[-70.98721,-38.37419],[-70.98283,-38.36487],[-70.99698,-38.35555],[-71.00256,-38.30663],[-70.99758,-38.29199],[-71.01033,-38.28267],[-71.00893,-38.26171],[-71.03145,-38.25006],[-71.02169,-38.24474],[-71.01551,-38.2271],[-71.02089,-38.21512],[-71.00156,-38.21046],[-70.99698,-38.20148],[-70.99777,-38.16953],[-71.00873,-38.15389],[-71.02288,-38.14724],[-71.02826,-38.13426],[-71.04101,-38.12527],[-71.0173,-38.11329],[-70.9908,-38.1113],[-70.98263,-38.10398],[-70.99259,-38.08235],[-71.01152,-38.08035],[-71.02029,-38.06571],[-71.045,-38.05473],[-71.05038,-38.02877],[-71.06273,-38.01746],[-71.05337,-37.99749],[-71.06672,-37.9905],[-71.06154,-37.97153],[-71.08983,-37.96521],[-71.11334,-37.95257],[-71.10577,-37.92594],[-71.11175,-37.91896],[-71.10557,-37.90531],[-71.10796,-37.891],[-71.11912,-37.88668],[-71.13427,-37.86305],[-71.14682,-37.85739],[-71.16455,-37.85806],[-71.16077,-37.84009],[-71.13167,-37.83243],[-71.12649,-37.82145],[-71.15339,-37.80848],[-71.1524,-37.80049],[-71.17073,-37.77952],[-71.16097,-37.77187],[-71.15618,-37.75723],[-71.1795,-37.74059],[-71.18986,-37.72295],[-71.18886,-37.71264],[-71.20958,-37.69999],[-71.21277,-37.68834],[-71.19982,-37.66372],[-71.2064,-37.64808],[-71.1777,-37.61414],[-71.14622,-37.60815],[-71.1259,-37.58053],[-71.13785,-37.54492],[-71.12849,-37.50931],[-71.11832,-37.49168],[-71.12012,-37.45807],[-71.14204,-37.44076],[-71.15359,-37.40083],[-71.1791,-37.39684],[-71.19584,-37.38452],[-71.20141,-37.36489],[-71.18567,-37.35557],[-71.19444,-37.34326],[-71.20779,-37.33794],[-71.20679,-37.31864],[-71.21596,-37.30366],[-71.21815,-37.27271],[-71.18866,-37.27604],[-71.18149,-37.2584],[-71.15977,-37.2411],[-71.16276,-37.22546],[-71.12131,-37.21281],[-71.11414,-37.20383],[-71.12749,-37.18819],[-71.13606,-37.16556],[-71.13387,-37.1426],[-71.1241,-37.13561],[-71.09581,-37.12629],[-71.09222,-37.11465],[-71.11055,-37.09535],[-71.12311,-37.09002],[-71.11972,-37.07471],[-71.14144,-37.06972],[-71.13725,-37.05375],[-71.14363,-37.03245],[-71.16894,-36.99618],[-71.18966,-36.99452],[-71.2042,-36.97488],[-71.17452,-36.96823],[-71.16615,-36.97788],[-71.14542,-36.98087],[-71.11872,-36.96889],[-71.10597,-36.97089],[-71.08804,-36.93794],[-71.08824,-36.92863],[-71.11215,-36.92497],[-71.11733,-36.92996],[-71.14383,-36.92962],[-71.14921,-36.90134],[-71.14004,-36.89668],[-71.12968,-36.87405],[-71.12749,-36.85775],[-71.13925,-36.85342],[-71.16276,-36.86141],[-71.1797,-36.84111],[-71.16077,-36.81815],[-71.14303,-36.82447],[-71.13327,-36.80983],[-71.12789,-36.78853],[-71.1257,-36.75958],[-71.12012,-36.73961],[-71.11135,-36.7283],[-71.11155,-36.71399],[-71.11952,-36.69735],[-71.10836,-36.67738],[-71.08505,-36.67905],[-71.07628,-36.708],[-71.06492,-36.71465],[-71.0454,-36.70401],[-71.01551,-36.69935],[-71.00694,-36.68371],[-71.01192,-36.66407],[-71.02746,-36.66307],[-71.02906,-36.6501],[-71.04022,-36.64943],[-71.044,-36.62714],[-71.05715,-36.61882],[-71.04719,-36.60684],[-71.04719,-36.58254],[-71.05456,-36.5719],[-71.0438,-36.54727],[-71.05058,-36.52298],[-71.03523,-36.50933],[-71.03862,-36.47805],[-71.0181,-36.47406],[-71.01053,-36.4877],[-70.99718,-36.48704],[-70.97486,-36.50201],[-70.95633,-36.50368],[-70.94437,-36.49037],[-70.93401,-36.4917],[-70.92046,-36.4724],[-70.90233,-36.47473],[-70.88739,-36.46075],[-70.89436,-36.4521],[-70.88699,-36.43612],[-70.89177,-36.42481],[-70.88838,-36.39885],[-70.85172,-36.41616],[-70.83638,-36.41549],[-70.83299,-36.40684],[-70.81605,-36.39586],[-70.79354,-36.41982],[-70.79115,-36.42847],[-70.77321,-36.4288],[-70.75468,-36.40784],[-70.74053,-36.40817],[-70.74014,-36.42614],[-70.71244,-36.42747],[-70.70009,-36.4095],[-70.68813,-36.40684],[-70.67936,-36.3902],[-70.67936,-36.37689],[-70.69351,-36.35992],[-70.71104,-36.34861],[-70.70327,-36.32198],[-70.68773,-36.31067],[-70.68614,-36.28305],[-70.70626,-36.27273],[-70.68096,-36.25609],[-70.6696,-36.24511],[-70.64031,-36.24378],[-70.62477,-36.22847],[-70.63314,-36.21716],[-70.60803,-36.20651],[-70.59966,-36.1922],[-70.58472,-36.18821],[-70.57156,-36.1759],[-70.58193,-36.14428],[-70.56838,-36.13264],[-70.54486,-36.14295],[-70.53371,-36.14195],[-70.51019,-36.15593],[-70.50701,-36.16724],[-70.49067,-36.17889],[-70.47532,-36.17357],[-70.44464,-36.16991],[-70.44444,-36.16358],[-70.42093,-36.15593],[-70.41814,-36.13863],[-70.42232,-36.12565],[-70.41515,-36.11001],[-70.39741,-36.11933],[-70.39323,-36.13696],[-70.39203,-36.17922],[-70.39502,-36.1942],[-70.36952,-36.2328],[-70.3747,-36.25942],[-70.37211,-36.27939],[-70.35936,-36.29403],[-70.36055,-36.30601],[-70.33943,-36.33596],[-70.31672,-36.33363],[-70.30317,-36.34062],[-70.27268,-36.32398],[-70.24777,-36.32198],[-70.22924,-36.32498],[-70.21769,-36.33663],[-70.2145,-36.36591],[-70.20712,-36.37523],[-70.20613,-36.40684],[-70.19557,-36.42381],[-70.20374,-36.43513],[-70.20155,-36.45376],[-70.19118,-36.46341],[-70.18282,-36.4907],[-70.15691,-36.51067],[-70.15054,-36.52198],[-70.13838,-36.52664],[-70.12264,-36.5516],[-70.12344,-36.56823],[-70.10451,-36.5872],[-70.09375,-36.5872],[-70.08618,-36.60184],[-70.07601,-36.6065],[-70.07123,-36.62214],[-70.05808,-36.63545],[-70.04254,-36.65908],[-70.02839,-36.66174],[-70.01205,-36.67905],[-70.01285,-36.69436],[-69.98754,-36.69302],[-69.96323,-36.707],[-69.94749,-36.72164],[-69.94012,-36.74793],[-69.92498,-36.75292],[-69.9194,-36.76524],[-69.92757,-36.78354],[-69.92179,-36.79485],[-69.89489,-36.8055],[-69.87955,-36.80816],[-69.86221,-36.83645],[-69.85065,-36.84643],[-69.81997,-36.84909],[-69.78669,-36.86939],[-69.76497,-36.87339],[-69.75242,-36.8867],[-69.77155,-36.90001],[-69.77115,-36.9233],[-69.77872,-36.96323],[-69.77633,-36.99085],[-69.76458,-37.00017],[-69.76856,-37.02313],[-69.7584,-37.04976],[-69.75561,-37.06872],[-69.72612,-37.08603],[-69.70859,-37.10233],[-69.70002,-37.10034],[-69.62988,-37.13761],[-69.61175,-37.14859],[-69.58066,-37.15158],[-69.57608,-37.16323],[-69.55695,-37.16157],[-69.53085,-37.17421],[-69.51252,-37.16722],[-69.49399,-37.17488],[-69.46669,-37.17255],[-69.45473,-37.16489],[-69.42664,-37.15957],[-69.42006,-37.16955],[-69.39635,-37.17188],[-69.37662,-37.15957],[-69.35291,-37.1639],[-69.33777,-37.15258],[-69.31884,-37.15092],[-69.29911,-37.15491],[-69.28596,-37.1446],[-69.26683,-37.14526],[-69.26225,-37.15491],[-69.22519,-37.17088],[-69.17338,-37.17787],[-69.16282,-37.18719],[-69.13831,-37.19551],[-69.13313,-37.20183],[-69.10444,-37.20516],[-69.09149,-37.21814],[-69.06439,-37.22346],[-69.03829,-37.25574],[-69.03888,-37.26872],[-69.04964,-37.28835],[-69.04466,-37.29967],[-69.04885,-37.31764],[-69.03928,-37.32296],[-69.04546,-37.33461],[-69.03709,-37.35291],[-69.02613,-37.36489],[-69.00142,-37.37354],[-68.94185,-37.37188],[-68.93806,-37.37787],[-68.88466,-37.38186],[-68.86613,-37.40116],[-68.84421,-37.38885],[-68.81392,-37.38619],[-68.78105,-37.36722],[-68.7669,-37.36655],[-68.74837,-37.38053],[-68.72306,-37.38818],[-68.7137,-37.40416],[-68.70214,-37.41348],[-68.69776,-37.44176],[-68.6589,-37.44742],[-68.63499,-37.44742],[-68.60969,-37.43877],[-68.58119,-37.45441],[-68.56127,-37.4554],[-68.54991,-37.44975],[-68.52062,-37.4584],[-68.4979,-37.45773],[-68.47897,-37.49068],[-68.45666,-37.50965],[-68.45227,-37.52995],[-68.43673,-37.54459],[-68.40266,-37.55856],[-68.38652,-37.5589],[-68.35085,-37.54958],[-68.34906,-37.55657],[-68.31518,-37.55657],[-68.29964,-37.56289],[-68.28988,-37.5589],[-68.25003,-37.57487],[-68.25003,-37.57653],[-68.25003,-37.70465],[-68.25003,-37.94491],[-68.25003,-38.12827],[-68.25003,-38.38484],[-68.25003,-38.55189],[-68.24963,-38.68433],[-68.24206,-38.69698],[-68.21675,-38.70929],[-68.19603,-38.71062],[-68.19184,-38.7216],[-68.16813,-38.72959],[-68.16315,-38.73791],[-68.13386,-38.74955],[-68.12071,-38.74722],[-68.12609,-38.76652],[-68.11433,-38.78383],[-68.11832,-38.79281],[-68.10318,-38.81345],[-68.09242,-38.82043],[-68.09501,-38.83142],[-68.08166,-38.85005],[-68.09401,-38.8587],[-68.07568,-38.87634],[-68.06472,-38.89664],[-68.06452,-38.90995],[-68.05077,-38.91161],[-68.03901,-38.94223],[-68.02347,-38.94789],[-68.00693,-38.96086],[-68.00076,-38.97185],[-68.01152,-38.97983],[-68.00255,-38.98882],[-68.0165,-38.9785],[-68.04838,-38.97817],[-68.06053,-38.99214],[-68.09381,-38.99214],[-68.11812,-38.9805],[-68.13227,-38.98382],[-68.14502,-38.97617],[-68.16594,-38.9795],[-68.17929,-38.96752],[-68.20619,-38.97085],[-68.22532,-38.98882],[-68.25242,-38.98915],[-68.29107,-38.98316],[-68.38353,-39.01577],[-68.41222,-39.03441],[-68.42796,-39.02875],[-68.45008,-39.04206],[-68.46921,-39.04572],[-68.4975,-39.06835],[-68.54114,-39.07833],[-68.56286,-39.07767],[-68.59474,-39.12026],[-68.62722,-39.14888],[-68.65631,-39.16751],[-68.66249,-39.17816],[-68.65332,-39.19913],[-68.66548,-39.21743],[-68.69377,-39.23041],[-68.70174,-39.24172],[-68.73043,-39.25038],[-68.75454,-39.26968],[-68.78822,-39.278],[-68.81014,-39.2933],[-68.81851,-39.3126],[-68.81791,-39.33124],[-68.80814,-39.34721],[-68.8197,-39.36884],[-68.83026,-39.38182],[-68.8478,-39.3928],[-68.88645,-39.40245],[-68.92092,-39.42475],[-68.9279,-39.43806],[-68.92909,-39.45902],[-68.96655,-39.48365],[-68.99983,-39.51526],[-69.03849,-39.52624],[-69.05702,-39.52658],[-69.10723,-39.5146],[-69.12496,-39.52092],[-69.17179,-39.55752],[-69.18334,-39.56318],[-69.22001,-39.56917],[-69.23575,-39.57516],[-69.28018,-39.59879],[-69.27799,-39.61609],[-69.26903,-39.62142],[-69.29812,-39.65735],[-69.31386,-39.65403],[-69.34933,-39.69329],[-69.34733,-39.7076],[-69.36307,-39.71626],[-69.37603,-39.73223],[-69.40552,-39.74654],[-69.42185,-39.76817],[-69.43939,-39.7695],[-69.49359,-39.79612],[-69.50973,-39.81609],[-69.52806,-39.81442],[-69.55815,-39.80943],[-69.58843,-39.81642],[-69.59979,-39.83139],[-69.60836,-39.83006],[-69.62729,-39.84204],[-69.6508,-39.83605],[-69.66435,-39.84703],[-69.68368,-39.8507],[-69.69922,-39.84803],[-69.73628,-39.87199],[-69.75501,-39.87599]]]]}},{"type":"Feature","properties":{"provincia":"Río Negro","indec":"62","source_name":"Río Negro"},"geometry":{"type":"MultiPolygon","coordinates":[[[[-64.60324,-40.85034],[-64.65524,-40.84036],[-64.67636,-40.83869],[-64.71223,-40.82572],[-64.75706,-40.81773],[-64.78157,-40.81873],[-64.86805,-40.83038],[-64.89973,-40.81673],[-64.90332,-40.80442],[-64.84194,-40.78445],[-64.80807,-40.79377],[-64.79133,-40.80309],[-64.7742,-40.80309],[-64.74192,-40.81074],[-64.75009,-40.78911],[-64.73355,-40.78745],[-64.75128,-40.76981],[-64.77898,-40.76881],[-64.79751,-40.78046],[-64.79253,-40.75783],[-64.8005,-40.74918],[-64.77519,-40.73986],[-64.81146,-40.72522],[-64.82062,-40.73021],[-64.84732,-40.7159],[-64.90033,-40.71391],[-64.91388,-40.70958],[-64.95452,-40.70958],[-64.95612,-40.72156],[-64.91667,-40.72722],[-64.92444,-40.74785],[-64.90411,-40.76249],[-64.94934,-40.75583],[-64.98401,-40.75683],[-65.01809,-40.76449],[-65.05116,-40.78445],[-65.06093,-40.79876],[-65.08344,-40.80841],[-65.11333,-40.83204],[-65.12887,-40.85666],[-65.12509,-40.88129],[-65.14701,-40.90425],[-65.16374,-40.95383],[-65.16594,-41.00009],[-65.15737,-41.052],[-65.16813,-41.06831],[-65.15199,-41.10658],[-65.1478,-41.14518],[-65.15159,-41.17246],[-65.14661,-41.17712],[-65.13704,-41.21439],[-65.13645,-41.2277],[-65.1219,-41.25333],[-65.11831,-41.27862],[-65.10994,-41.29492],[-65.10158,-41.33586],[-65.09281,-41.34717],[-65.09141,-41.36181],[-65.07866,-41.37845],[-65.07607,-41.40075],[-65.05256,-41.43402],[-65.05455,-41.44434],[-65.04379,-41.46264],[-65.02347,-41.47762],[-65.00035,-41.48594],[-64.9878,-41.51888],[-64.99338,-41.5465],[-65.00673,-41.55715],[-64.99976,-41.57279],[-65.0133,-41.60773],[-65.02267,-41.61838],[-65.02606,-41.66696],[-65.02028,-41.70723],[-65.02327,-41.72087],[-65.01151,-41.75215],[-64.99896,-41.77112],[-65.01271,-41.77977],[-65.01669,-41.79874],[-65.01629,-41.83268],[-65.04738,-41.83734],[-65.04897,-41.8623],[-65.04299,-41.87428],[-65.05754,-41.8816],[-65.06332,-41.90123],[-65.06153,-41.93418],[-65.07468,-41.96513],[-65.0681,-41.98276],[-65.0693,-42.0004],[-65.28768,-42.0004],[-65.5228,-42.0004],[-65.72804,-42.0004],[-65.97352,-42.0004],[-66.87695,-42.00007],[-68.08564,-42.00007],[-68.38931,-42.00007],[-69.33558,-42.00007],[-69.38958,-42.00007],[-69.42803,-42.00007],[-70.20892,-42.00007],[-70.37311,-42.00007],[-70.9906,-42.00007],[-71.17491,-42.00007],[-71.48954,-42.00007],[-71.77368,-41.99974],[-71.7938,-41.96113],[-71.79341,-41.94416],[-71.77308,-41.93751],[-71.77388,-41.90856],[-71.78902,-41.88992],[-71.78922,-41.85931],[-71.79739,-41.84267],[-71.79082,-41.83069],[-71.77069,-41.82969],[-71.76471,-41.81704],[-71.77388,-41.79275],[-71.76113,-41.78543],[-71.77567,-41.76613],[-71.78424,-41.73485],[-71.80895,-41.71754],[-71.79161,-41.70357],[-71.7944,-41.69458],[-71.81692,-41.68992],[-71.81552,-41.67528],[-71.83007,-41.67562],[-71.83724,-41.6653],[-71.83664,-41.64567],[-71.85258,-41.64766],[-71.87151,-41.61671],[-71.88546,-41.60474],[-71.87391,-41.5881],[-71.84521,-41.56514],[-71.83067,-41.56214],[-71.82907,-41.55016],[-71.8482,-41.53352],[-71.85199,-41.51489],[-71.82847,-41.47995],[-71.83784,-41.47429],[-71.84342,-41.45166],[-71.83565,-41.43203],[-71.86315,-41.42204],[-71.87012,-41.4094],[-71.86633,-41.39376],[-71.88626,-41.38011],[-71.89184,-41.36647],[-71.91117,-41.35682],[-71.90041,-41.33186],[-71.88267,-41.32487],[-71.87689,-41.29659],[-71.89662,-41.27895],[-71.88467,-41.25998],[-71.86514,-41.25532],[-71.85099,-41.25998],[-71.8474,-41.24068],[-71.85916,-41.23403],[-71.85418,-41.21539],[-71.87391,-41.20641],[-71.87869,-41.18045],[-71.88745,-41.16914],[-71.87948,-41.16281],[-71.85856,-41.16182],[-71.83943,-41.1505],[-71.84382,-41.12954],[-71.83724,-41.11589],[-71.85179,-41.09925],[-71.83983,-41.07729],[-71.81791,-41.06232],[-71.83585,-41.05067],[-71.83306,-41.04302],[-71.84581,-41.0317],[-71.86115,-41.03104],[-71.84422,-41.02372],[-71.83146,-41.02971],[-71.81791,-41.02305],[-71.78524,-41.01872],[-71.74837,-41.02238],[-71.70274,-41.02172],[-71.63261,-41.0347],[-71.6077,-41.03503],[-71.55769,-41.02238],[-71.50289,-41.03669],[-71.45646,-41.04169],[-71.42239,-41.06232],[-71.36062,-41.08861],[-71.30622,-41.10025],[-71.25203,-41.09792],[-71.21935,-41.08628],[-71.17491,-41.05633],[-71.14184,-41.05599],[-71.13088,-41.04734],[-71.1253,-41.02272],[-71.11534,-41.00774],[-71.09003,-40.99443],[-71.07289,-40.97912],[-71.06054,-40.98112],[-71.05098,-40.96315],[-71.03643,-40.95583],[-71.03404,-40.90359],[-71.03902,-40.88894],[-71.06891,-40.85067],[-71.08605,-40.85234],[-71.09302,-40.82605],[-71.10119,-40.81274],[-71.11813,-40.80508],[-71.12092,-40.7585],[-71.10218,-40.74618],[-71.09362,-40.72655],[-71.0442,-40.72921],[-71.02507,-40.72089],[-71.02687,-40.71291],[-71.01471,-40.69993],[-71.01172,-40.6793],[-70.99558,-40.66898],[-70.97645,-40.64868],[-70.96091,-40.64169],[-70.93222,-40.6387],[-70.89755,-40.62173],[-70.87304,-40.61474],[-70.86487,-40.5971],[-70.85551,-40.59344],[-70.79513,-40.59045],[-70.7772,-40.58412],[-70.74811,-40.58579],[-70.73316,-40.58013],[-70.71244,-40.59178],[-70.68693,-40.59477],[-70.65386,-40.59145],[-70.6429,-40.58479],[-70.62935,-40.5585],[-70.59567,-40.53754],[-70.55821,-40.52522],[-70.53231,-40.50459],[-70.51358,-40.50326],[-70.50202,-40.50925],[-70.46197,-40.51358],[-70.43727,-40.52289],[-70.4285,-40.53554],[-70.41057,-40.53288],[-70.36733,-40.51857],[-70.27985,-40.50293],[-70.24737,-40.50526],[-70.21868,-40.49694],[-70.18959,-40.49428],[-70.17066,-40.48296],[-70.16807,-40.47431],[-70.17684,-40.44902],[-70.17485,-40.42772],[-70.15313,-40.41408],[-70.13121,-40.41308],[-70.10311,-40.40576],[-70.06266,-40.37448],[-70.05011,-40.30227],[-70.05888,-40.24902],[-70.02759,-40.21575],[-70.00787,-40.20842],[-69.98495,-40.17881],[-69.96523,-40.18546],[-69.95028,-40.17914],[-69.95785,-40.15551],[-69.96961,-40.13655],[-69.97061,-40.12091],[-69.99472,-40.10327],[-69.99611,-40.08596],[-70.00528,-40.04736],[-69.99791,-40.02274],[-69.97678,-39.99944],[-69.97061,-39.97748],[-69.94969,-39.95851],[-69.93614,-39.95685],[-69.93275,-39.94487],[-69.9178,-39.93722],[-69.90067,-39.94054],[-69.88054,-39.93023],[-69.88034,-39.92191],[-69.866,-39.91093],[-69.84607,-39.90993],[-69.82156,-39.89628],[-69.81041,-39.89895],[-69.79626,-39.88464],[-69.77494,-39.8863],[-69.75501,-39.87599],[-69.73628,-39.87199],[-69.69922,-39.84803],[-69.68368,-39.8507],[-69.66435,-39.84703],[-69.6508,-39.83605],[-69.62729,-39.84204],[-69.60836,-39.83006],[-69.59979,-39.83139],[-69.58843,-39.81642],[-69.55815,-39.80943],[-69.52806,-39.81442],[-69.50973,-39.81609],[-69.49359,-39.79612],[-69.43939,-39.7695],[-69.42185,-39.76817],[-69.40552,-39.74654],[-69.37603,-39.73223],[-69.36307,-39.71626],[-69.34733,-39.7076],[-69.34933,-39.69329],[-69.31386,-39.65403],[-69.29812,-39.65735],[-69.26903,-39.62142],[-69.27799,-39.61609],[-69.28018,-39.59879],[-69.23575,-39.57516],[-69.22001,-39.56917],[-69.18334,-39.56318],[-69.17179,-39.55752],[-69.12496,-39.52092],[-69.10723,-39.5146],[-69.05702,-39.52658],[-69.03849,-39.52624],[-68.99983,-39.51526],[-68.96655,-39.48365],[-68.92909,-39.45902],[-68.9279,-39.43806],[-68.92092,-39.42475],[-68.88645,-39.40245],[-68.8478,-39.3928],[-68.83026,-39.38182],[-68.8197,-39.36884],[-68.80814,-39.34721],[-68.81791,-39.33124],[-68.81851,-39.3126],[-68.81014,-39.2933],[-68.78822,-39.278],[-68.75454,-39.26968],[-68.73043,-39.25038],[-68.70174,-39.24172],[-68.69377,-39.23041],[-68.66548,-39.21743],[-68.65332,-39.19913],[-68.66249,-39.17816],[-68.65631,-39.16751],[-68.62722,-39.14888],[-68.59474,-39.12026],[-68.56286,-39.07767],[-68.54114,-39.07833],[-68.4975,-39.06835],[-68.46921,-39.04572],[-68.45008,-39.04206],[-68.42796,-39.02875],[-68.41222,-39.03441],[-68.38353,-39.01577],[-68.29107,-38.98316],[-68.25242,-38.98915],[-68.22532,-38.98882],[-68.20619,-38.97085],[-68.17929,-38.96752],[-68.16594,-38.9795],[-68.14502,-38.97617],[-68.13227,-38.98382],[-68.11812,-38.9805],[-68.09381,-38.99214],[-68.06053,-38.99214],[-68.04838,-38.97817],[-68.0165,-38.9785],[-68.00255,-38.98882],[-68.01152,-38.97983],[-68.00076,-38.97185],[-68.00693,-38.96086],[-68.02347,-38.94789],[-68.03901,-38.94223],[-68.05077,-38.91161],[-68.06452,-38.90995],[-68.06472,-38.89664],[-68.07568,-38.87634],[-68.09401,-38.8587],[-68.08166,-38.85005],[-68.09501,-38.83142],[-68.09242,-38.82043],[-68.10318,-38.81345],[-68.11832,-38.79281],[-68.11433,-38.78383],[-68.12609,-38.76652],[-68.12071,-38.74722],[-68.13386,-38.74955],[-68.16315,-38.73791],[-68.16813,-38.72959],[-68.19184,-38.7216],[-68.19603,-38.71062],[-68.21675,-38.70929],[-68.24206,-38.69698],[-68.24963,-38.68433],[-68.25003,-38.55189],[-68.25003,-38.38484],[-68.25003,-38.12827],[-68.25003,-37.94491],[-68.25003,-37.70465],[-68.25003,-37.57653],[-68.23967,-37.58419],[-68.20181,-37.58885],[-68.1514,-37.58053],[-68.13027,-37.59118],[-68.10019,-37.5955],[-68.09002,-37.59317],[-68.06572,-37.60182],[-68.04579,-37.59583],[-68.01909,-37.60282],[-67.99099,-37.60415],[-67.98063,-37.60914],[-67.94995,-37.60282],[-67.93819,-37.60515],[-67.92384,-37.61713],[-67.90452,-37.61447],[-67.87901,-37.62013],[-67.84713,-37.61813],[-67.81366,-37.64309],[-67.79333,-37.64642],[-67.76842,-37.67537],[-67.77361,-37.68768],[-67.76065,-37.71031],[-67.76484,-37.72362],[-67.75149,-37.73793],[-67.75766,-37.74591],[-67.74073,-37.76322],[-67.74412,-37.7762],[-67.73734,-37.79184],[-67.72558,-37.79184],[-67.721,-37.80648],[-67.72778,-37.81713],[-67.72758,-37.84541],[-67.73276,-37.85972],[-67.7481,-37.86505],[-67.78038,-37.894],[-67.81366,-37.90065],[-67.81943,-37.90864],[-67.84534,-37.91796],[-67.87303,-37.94059],[-67.87463,-37.95456],[-67.90392,-37.98351],[-67.89137,-37.99915],[-67.89316,-38.01446],[-67.8832,-38.01879],[-67.86845,-38.03642],[-67.86367,-38.05173],[-67.83298,-38.05772],[-67.81206,-38.0707],[-67.79014,-38.06338],[-67.78417,-38.0534],[-67.74232,-38.07569],[-67.72578,-38.09299],[-67.73017,-38.11496],[-67.71542,-38.1306],[-67.69729,-38.1266],[-67.68553,-38.13825],[-67.68235,-38.16254],[-67.6684,-38.17952],[-67.65644,-38.20181],[-67.59328,-38.24075],[-67.54785,-38.25639],[-67.52872,-38.25772],[-67.43029,-38.25306],[-67.36413,-38.25372],[-67.31711,-38.24773],[-67.28124,-38.22511],[-67.26112,-38.21712],[-67.19915,-38.21213],[-67.186,-38.21645],[-67.19656,-38.25372],[-67.17743,-38.26204],[-67.17245,-38.27935],[-67.15272,-38.29266],[-67.1583,-38.30797],[-67.14774,-38.33159],[-67.15591,-38.34956],[-67.13937,-38.36154],[-67.11785,-38.35755],[-67.10271,-38.37851],[-67.09175,-38.39948],[-67.06983,-38.40214],[-67.05708,-38.41179],[-67.03058,-38.41545],[-67.00707,-38.42444],[-66.99431,-38.4464],[-66.97279,-38.44307],[-66.94888,-38.45272],[-66.89688,-38.44374],[-66.89309,-38.46037],[-66.86918,-38.46503],[-66.85443,-38.47568],[-66.83132,-38.47735],[-66.8096,-38.48467],[-66.79207,-38.47968],[-66.78131,-38.484],[-66.76636,-38.5043],[-66.75102,-38.50863],[-66.74664,-38.51761],[-66.71256,-38.5226],[-66.71356,-38.53092],[-66.69025,-38.52959],[-66.66315,-38.53824],[-66.64482,-38.53791],[-66.63306,-38.5459],[-66.63386,-38.55688],[-66.61573,-38.55854],[-66.5952,-38.58882],[-66.59979,-38.59981],[-66.59022,-38.61578],[-66.57886,-38.62044],[-66.58305,-38.63441],[-66.5966,-38.64773],[-66.59201,-38.66969],[-66.60676,-38.67967],[-66.57289,-38.70197],[-66.55336,-38.69831],[-66.53582,-38.72094],[-66.52347,-38.71594],[-66.49876,-38.71794],[-66.4894,-38.72826],[-66.47445,-38.72892],[-66.44456,-38.74556],[-66.40451,-38.74423],[-66.38837,-38.7389],[-66.37482,-38.74589],[-66.3545,-38.74623],[-66.34175,-38.75787],[-66.31266,-38.74423],[-66.26045,-38.74489],[-66.2469,-38.73558],[-66.21562,-38.74024],[-66.18553,-38.73158],[-66.16282,-38.73724],[-66.15783,-38.72925],[-66.13133,-38.73857],[-66.11081,-38.73624],[-66.10483,-38.72759],[-66.07674,-38.73258],[-66.07494,-38.7439],[-66.05522,-38.74323],[-66.0339,-38.75088],[-66.01975,-38.74123],[-65.99684,-38.74689],[-65.9803,-38.74423],[-65.94722,-38.74822],[-65.95021,-38.76187],[-65.91076,-38.76586],[-65.91255,-38.78117],[-65.87489,-38.77784],[-65.85815,-38.7988],[-65.84102,-38.78649],[-65.82707,-38.79681],[-65.80435,-38.79348],[-65.79021,-38.79614],[-65.77965,-38.81012],[-65.71628,-38.81877],[-65.70174,-38.81644],[-65.69576,-38.83142],[-65.685,-38.83142],[-65.64853,-38.82443],[-65.64853,-38.81112],[-65.62502,-38.8028],[-65.61406,-38.80712],[-65.6033,-38.77684],[-65.5774,-38.77551],[-65.57162,-38.78416],[-65.52639,-38.7785],[-65.50248,-38.79814],[-65.45605,-38.81544],[-65.43772,-38.81544],[-65.3909,-38.83042],[-65.38073,-38.85305],[-65.3375,-38.84572],[-65.31219,-38.83075],[-65.26616,-38.82243],[-65.2564,-38.83208],[-65.24185,-38.83108],[-65.21834,-38.83741],[-65.20818,-38.83142],[-65.19184,-38.83674],[-65.18566,-38.82742],[-65.19144,-38.81045],[-65.16115,-38.80313],[-65.14661,-38.81677],[-65.13565,-38.81644],[-65.12808,-38.80479],[-65.09719,-38.80013],[-65.09022,-38.80812],[-65.06153,-38.80979],[-65.03363,-38.81744],[-65.02147,-38.81378],[-65.00175,-38.8191],[-64.96728,-38.8201],[-64.92643,-38.83308],[-64.88937,-38.82543],[-64.87741,-38.81444],[-64.85569,-38.82476],[-64.828,-38.82576],[-64.80947,-38.81578],[-64.78456,-38.82676],[-64.76603,-38.83008],[-64.73255,-38.8414],[-64.70705,-38.83741],[-64.69151,-38.84306],[-64.67278,-38.83308],[-64.63273,-38.84572],[-64.63033,-38.85271],[-64.60463,-38.84772],[-64.60443,-38.85604],[-64.58351,-38.86037],[-64.53668,-38.8587],[-64.51516,-38.86835],[-64.48209,-38.86503],[-64.44403,-38.86902],[-64.42809,-38.87933],[-64.37309,-38.89131],[-64.34659,-38.88499],[-64.33105,-38.90463],[-64.31531,-38.90596],[-64.29578,-38.89697],[-64.2906,-38.90762],[-64.27606,-38.91527],[-64.26211,-38.91527],[-64.23082,-38.92359],[-64.19336,-38.94389],[-64.13538,-38.96952],[-64.1035,-38.97817],[-64.09095,-38.98782],[-64.06743,-38.99081],[-64.06604,-39.00379],[-64.0493,-39.00013],[-64.01443,-39.00113],[-64.01025,-39.01743],[-63.9963,-39.0364],[-63.95784,-39.04605],[-63.95824,-39.05238],[-63.93353,-39.06169],[-63.92656,-39.07334],[-63.93433,-39.08565],[-63.9162,-39.08632],[-63.89548,-39.10762],[-63.87137,-39.0953],[-63.85901,-39.10961],[-63.84307,-39.10861],[-63.83271,-39.12093],[-63.81936,-39.12658],[-63.79326,-39.12292],[-63.77692,-39.12891],[-63.75899,-39.12758],[-63.76337,-39.15387],[-63.74583,-39.16252],[-63.73308,-39.18449],[-63.71634,-39.19613],[-63.69343,-39.20578],[-63.6755,-39.20345],[-63.67629,-39.21876],[-63.65577,-39.22775],[-63.63345,-39.22841],[-63.63545,-39.24538],[-63.60835,-39.2527],[-63.59599,-39.24605],[-63.58105,-39.25903],[-63.5681,-39.25803],[-63.54877,-39.26801],[-63.53781,-39.28066],[-63.5412,-39.29663],[-63.50015,-39.31294],[-63.48939,-39.30661],[-63.4601,-39.32824],[-63.45293,-39.32026],[-63.43479,-39.32924],[-63.41925,-39.32625],[-63.38319,-39.32858],[-63.38299,-39.48664],[-63.38279,-39.72557],[-63.38239,-39.87199],[-63.38139,-40.12257],[-63.3808,-40.40875],[-63.3802,-40.5798],[-63.3794,-40.70991],[-63.35888,-40.72089],[-63.31464,-40.70625],[-63.29711,-40.71224],[-63.29751,-40.72023],[-63.28137,-40.72855],[-63.27041,-40.72256],[-63.24032,-40.72422],[-63.20346,-40.72222],[-63.1917,-40.71623],[-63.17257,-40.72655],[-63.15484,-40.72921],[-63.1393,-40.74119],[-63.11319,-40.74685],[-63.10263,-40.75949],[-63.05641,-40.76915],[-63.04286,-40.77547],[-63.0323,-40.79277],[-62.99065,-40.80076],[-62.9783,-40.81573],[-62.9506,-40.82239],[-62.94363,-40.83969],[-62.92948,-40.84701],[-62.91513,-40.86931],[-62.87847,-40.89427],[-62.85197,-40.92522],[-62.845,-40.94052],[-62.82607,-40.96115],[-62.80156,-40.98212],[-62.79757,-41.00808],[-62.7896,-41.02405],[-62.79957,-41.03536],[-62.83244,-41.05633],[-62.88445,-41.07929],[-62.99304,-41.10957],[-63.03449,-41.1312],[-63.05322,-41.14385],[-63.10423,-41.15383],[-63.14388,-41.15749],[-63.22916,-41.15915],[-63.28216,-41.15716],[-63.32102,-41.15117],[-63.3541,-41.15283],[-63.43739,-41.16215],[-63.48003,-41.15982],[-63.5408,-41.16115],[-63.60177,-41.15616],[-63.73129,-41.15716],[-63.78848,-41.15915],[-63.8363,-41.14318],[-63.87117,-41.13752],[-63.89687,-41.12255],[-63.90305,-41.11024],[-63.92257,-41.09227],[-63.95047,-41.07629],[-63.99411,-41.06099],[-64.06863,-41.03969],[-64.10111,-41.03237],[-64.10569,-41.02172],[-64.13837,-41.02205],[-64.20612,-41.00974],[-64.22804,-40.99643],[-64.24876,-40.99044],[-64.31132,-40.95583],[-64.39501,-40.92721],[-64.39979,-40.9169],[-64.43427,-40.90392],[-64.45798,-40.90225],[-64.5046,-40.88362],[-64.54346,-40.86432],[-64.58211,-40.857],[-64.60324,-40.85034]]]]}},{"type":"Feature","properties":{"provincia":"Salta","indec":"66","source_name":"Salta"},"geometry":{"type":"MultiPolygon","coordinates":[[[[-65.6579,-24.37215],[-65.65352,-24.38047],[-65.61626,-24.38779],[-65.61167,-24.40709],[-65.60012,-24.41707],[-65.57122,-24.4224],[-65.54373,-24.44935],[-65.52041,-24.44636],[-65.50627,-24.45534],[-65.50427,-24.43804],[-65.48813,-24.42772],[-65.46422,-24.43072],[-65.45147,-24.4427],[-65.43971,-24.46033],[-65.42716,-24.45102],[-65.4162,-24.45601],[-65.37017,-24.46466],[-65.35742,-24.46233],[-65.35184,-24.46865],[-65.35782,-24.48197],[-65.34327,-24.49761],[-65.31737,-24.50226],[-65.29665,-24.49361],[-65.26855,-24.49162],[-65.24783,-24.48596],[-65.2293,-24.48629],[-65.23069,-24.47165],[-65.21834,-24.46466],[-65.19443,-24.45967],[-65.16016,-24.4793],[-65.15498,-24.48795],[-65.14103,-24.50393],[-65.11552,-24.51624],[-65.09659,-24.53288],[-65.09022,-24.55151],[-65.07966,-24.56216],[-65.06292,-24.56316],[-65.04638,-24.57181],[-65.00733,-24.5798],[-64.99677,-24.57614],[-64.96867,-24.58512],[-64.94396,-24.59644],[-64.92862,-24.5991],[-64.89694,-24.59211],[-64.88977,-24.54586],[-64.88279,-24.53754],[-64.88538,-24.5219],[-64.87502,-24.50992],[-64.87721,-24.50027],[-64.86287,-24.49461],[-64.8551,-24.47231],[-64.84194,-24.46732],[-64.77061,-24.50426],[-64.76384,-24.51757],[-64.75288,-24.52456],[-64.72578,-24.52988],[-64.70486,-24.56216],[-64.67995,-24.58146],[-64.68354,-24.59078],[-64.665,-24.60742],[-64.6401,-24.61108],[-64.59387,-24.58346],[-64.5602,-24.57714],[-64.54505,-24.53854],[-64.54585,-24.53221],[-64.5327,-24.50493],[-64.50181,-24.50592],[-64.49165,-24.48163],[-64.47671,-24.46266],[-64.46336,-24.46566],[-64.43586,-24.44103],[-64.43706,-24.42672],[-64.42171,-24.4021],[-64.39023,-24.40576],[-64.36692,-24.4194],[-64.34599,-24.42539],[-64.33783,-24.42173],[-64.3175,-24.42706],[-64.29758,-24.40509],[-64.28881,-24.40709],[-64.25195,-24.36416],[-64.25394,-24.35052],[-64.24497,-24.33621],[-64.22544,-24.32756],[-64.21668,-24.30859],[-64.20771,-24.30493],[-64.19257,-24.28563],[-64.18001,-24.26367],[-64.16846,-24.2254],[-64.17503,-24.21508],[-64.16886,-24.18713],[-64.16148,-24.17914],[-64.1579,-24.15485],[-64.15072,-24.13655],[-64.15431,-24.11991],[-64.15371,-24.07964],[-64.16108,-24.07066],[-64.15909,-23.81476],[-64.1571,-23.51793],[-64.35695,-23.51793],[-64.36433,-23.53623],[-64.37967,-23.55087],[-64.38605,-23.56584],[-64.397,-23.5735],[-64.38844,-23.58348],[-64.39621,-23.59213],[-64.39342,-23.60311],[-64.41095,-23.62707],[-64.43526,-23.63306],[-64.46455,-23.62275],[-64.46953,-23.60777],[-64.48747,-23.59446],[-64.49683,-23.57749],[-64.49524,-23.56751],[-64.51995,-23.55154],[-64.55342,-23.51227],[-64.5861,-23.51227],[-64.61459,-23.4923],[-64.63551,-23.48498],[-64.65405,-23.48465],[-64.667,-23.46734],[-64.67955,-23.45769],[-64.71422,-23.46002],[-64.73933,-23.47001],[-64.73953,-23.47899],[-64.76125,-23.47566],[-64.78834,-23.4963],[-64.80428,-23.4953],[-64.81783,-23.48831],[-64.84473,-23.4913],[-64.87143,-23.47899],[-64.87402,-23.46967],[-64.86845,-23.44738],[-64.89495,-23.44039],[-64.9067,-23.42375],[-64.90013,-23.37017],[-64.89236,-23.35953],[-64.90491,-23.35187],[-64.89953,-23.33856],[-64.91188,-23.30928],[-64.92145,-23.30628],[-64.93958,-23.28499],[-64.94297,-23.27234],[-64.96469,-23.28598],[-64.9884,-23.28099],[-65.01012,-23.28499],[-65.01888,-23.26269],[-65.03363,-23.25537],[-65.03801,-23.22841],[-65.05196,-23.22941],[-65.07488,-23.21377],[-65.06969,-23.19946],[-65.05993,-23.19114],[-65.04618,-23.16286],[-65.04658,-23.15221],[-65.07149,-23.13224],[-65.06212,-23.11893],[-65.06651,-23.10462],[-65.06651,-23.08366],[-65.06232,-23.06502],[-65.07009,-23.05471],[-65.0679,-23.04506],[-65.08723,-23.02742],[-65.11732,-23.0201],[-65.13166,-23.00379],[-65.15577,-22.9978],[-65.16992,-22.9998],[-65.19044,-22.99414],[-65.18746,-22.97185],[-65.21595,-22.9602],[-65.23846,-22.93524],[-65.25162,-22.92792],[-65.24903,-22.89132],[-65.25261,-22.87501],[-65.26218,-22.87501],[-65.25959,-22.85804],[-65.26835,-22.8414],[-65.26696,-22.83175],[-65.27612,-22.81678],[-65.27433,-22.79015],[-65.28489,-22.77684],[-65.30203,-22.76486],[-65.29744,-22.74024],[-65.30601,-22.7206],[-65.29784,-22.69864],[-65.2821,-22.67169],[-65.27294,-22.66303],[-65.27174,-22.64839],[-65.28688,-22.6414],[-65.32654,-22.61279],[-65.34467,-22.60646],[-65.35104,-22.59648],[-65.34467,-22.58683],[-65.34945,-22.57452],[-65.34865,-22.55122],[-65.34547,-22.52826],[-65.34686,-22.51928],[-65.32554,-22.49665],[-65.30561,-22.4667],[-65.29685,-22.43974],[-65.29406,-22.41878],[-65.2819,-22.41379],[-65.28429,-22.3895],[-65.26855,-22.36121],[-65.26138,-22.33725],[-65.24345,-22.33326],[-65.22671,-22.32028],[-65.23827,-22.29798],[-65.24026,-22.27935],[-65.23069,-22.25273],[-65.2301,-22.22477],[-65.22233,-22.19649],[-65.22053,-22.16953],[-65.21376,-22.1499],[-65.19403,-22.14458],[-65.19144,-22.13093],[-65.19562,-22.10997],[-65.18666,-22.08534],[-64.99338,-22.08235],[-64.9874,-22.09399],[-64.93799,-22.10964],[-64.91906,-22.12162],[-64.90272,-22.11962],[-64.88578,-22.12894],[-64.87901,-22.11929],[-64.86267,-22.12295],[-64.83397,-22.14258],[-64.81863,-22.14458],[-64.77918,-22.17719],[-64.75367,-22.17885],[-64.73753,-22.19349],[-64.72159,-22.19649],[-64.70964,-22.18917],[-64.68234,-22.18651],[-64.66301,-22.19482],[-64.65106,-22.1895],[-64.61718,-22.21213],[-64.60204,-22.22677],[-64.59825,-22.24141],[-64.57952,-22.25073],[-64.54186,-22.27902],[-64.53628,-22.29033],[-64.54685,-22.31595],[-64.56418,-22.32361],[-64.56577,-22.37219],[-64.54884,-22.3895],[-64.53509,-22.39549],[-64.51875,-22.41013],[-64.51417,-22.42244],[-64.52513,-22.43908],[-64.51098,-22.4454],[-64.49046,-22.43841],[-64.48946,-22.45738],[-64.47452,-22.46836],[-64.48169,-22.48101],[-64.45877,-22.49498],[-64.44542,-22.52294],[-64.43008,-22.52127],[-64.42271,-22.53458],[-64.41275,-22.53791],[-64.41514,-22.55522],[-64.40956,-22.56287],[-64.4255,-22.59082],[-64.42968,-22.61944],[-64.43387,-22.62277],[-64.43367,-22.64873],[-64.41334,-22.65804],[-64.41833,-22.66969],[-64.41454,-22.67967],[-64.39681,-22.68333],[-64.3992,-22.69731],[-64.39302,-22.71961],[-64.38385,-22.71761],[-64.36253,-22.7236],[-64.3448,-22.73891],[-64.33723,-22.77385],[-64.344,-22.79315],[-64.34221,-22.80679],[-64.33005,-22.81212],[-64.32667,-22.83774],[-64.32886,-22.85671],[-64.34101,-22.86103],[-64.33802,-22.87102],[-64.31511,-22.88266],[-64.30933,-22.86336],[-64.29758,-22.8617],[-64.30455,-22.83774],[-64.28781,-22.83608],[-64.28263,-22.82443],[-64.28761,-22.79947],[-64.27566,-22.78782],[-64.27506,-22.77518],[-64.2653,-22.76653],[-64.26908,-22.74523],[-64.26729,-22.72793],[-64.27167,-22.70962],[-64.2639,-22.70164],[-64.26091,-22.67501],[-64.24218,-22.66503],[-64.2645,-22.65006],[-64.25733,-22.62843],[-64.24398,-22.63042],[-64.2374,-22.61146],[-64.24318,-22.59848],[-64.24258,-22.56021],[-64.22804,-22.55422],[-64.21688,-22.54357],[-64.21728,-22.52926],[-64.19954,-22.49132],[-64.19018,-22.49166],[-64.18599,-22.47768],[-64.17523,-22.4667],[-64.16308,-22.46903],[-64.16208,-22.45572],[-64.15172,-22.43875],[-64.13877,-22.43076],[-64.14475,-22.41712],[-64.13817,-22.40713],[-64.11546,-22.40447],[-64.12084,-22.3845],[-64.10908,-22.37951],[-64.11625,-22.36221],[-64.09912,-22.3449],[-64.1043,-22.33659],[-64.08039,-22.29466],[-64.08218,-22.28434],[-64.06245,-22.23842],[-64.05448,-22.24707],[-64.03595,-22.24341],[-64.03037,-22.23309],[-64.03914,-22.22311],[-64.02838,-22.21512],[-64.03316,-22.19682],[-64.02479,-22.18817],[-64.0222,-22.1722],[-64.00905,-22.16521],[-63.99012,-22.11795],[-63.99251,-22.10531],[-63.98614,-22.09366],[-63.95864,-22.08634],[-63.96023,-22.06305],[-63.95087,-22.0514],[-63.94131,-22.02944],[-63.9431,-22.01247],[-63.93154,-21.99949],[-63.70917,-21.99949],[-63.7024,-22.01546],[-63.68925,-22.01113],[-63.68785,-22.02345],[-63.6749,-22.0331],[-63.66733,-22.01779],[-63.66533,-21.99949],[-63.44595,-21.99949],[-63.13212,-21.99949],[-62.99862,-21.99882],[-62.81112,-21.99882],[-62.80973,-22.02611],[-62.81431,-22.04208],[-62.79917,-22.06005],[-62.79957,-22.08401],[-62.81292,-22.09666],[-62.81232,-22.11097],[-62.80455,-22.12261],[-62.80495,-22.13792],[-62.7896,-22.16388],[-62.77546,-22.16521],[-62.76669,-22.1519],[-62.74019,-22.16887],[-62.72883,-22.18318],[-62.72544,-22.19682],[-62.71707,-22.20381],[-62.69715,-22.20581],[-62.68499,-22.21246],[-62.67862,-22.22677],[-62.66028,-22.25073],[-62.64096,-22.23642],[-62.63,-22.24807],[-62.63598,-22.26571],[-62.6306,-22.28234],[-62.64195,-22.29399],[-62.63857,-22.30331],[-62.62542,-22.30996],[-62.6037,-22.30664],[-62.59692,-22.32161],[-62.57281,-22.30963],[-62.57102,-22.3296],[-62.55866,-22.33792],[-62.54292,-22.33991],[-62.53356,-22.36953],[-62.51483,-22.37951],[-62.50427,-22.37685],[-62.48036,-22.38084],[-62.469,-22.37186],[-62.46541,-22.40247],[-62.44788,-22.40214],[-62.44728,-22.42111],[-62.42696,-22.4241],[-62.40384,-22.45172],[-62.38412,-22.45505],[-62.35542,-22.4657],[-62.34227,-22.46071],[-62.34227,-22.73125],[-62.34227,-22.90196],[-62.34207,-23.43207],[-62.34207,-23.4953],[-62.34207,-23.69429],[-62.34187,-23.83838],[-62.34187,-24.10793],[-62.34167,-24.39245],[-62.44708,-24.51491],[-62.66327,-24.76648],[-62.71887,-24.83071],[-63.07095,-25.24035],[-63.21223,-25.40441],[-63.42244,-25.649],[-63.47604,-25.70989],[-63.5673,-25.70956],[-63.66055,-25.68527],[-63.87435,-25.6846],[-63.91819,-25.68227],[-64.00766,-25.67329],[-64.02539,-25.75349],[-64.19635,-25.72786],[-64.19755,-25.70923],[-64.26809,-25.69991],[-64.34898,-25.89791],[-64.40358,-26.03102],[-64.39641,-26.04599],[-64.41215,-26.11354],[-64.4255,-26.11587],[-64.49524,-26.21937],[-64.51915,-26.22436],[-64.54286,-26.22003],[-64.55242,-26.22602],[-64.59028,-26.22036],[-64.61459,-26.23301],[-64.62177,-26.22635],[-64.63352,-26.23467],[-64.66779,-26.24266],[-64.71063,-26.23567],[-64.72677,-26.241],[-64.74511,-26.23867],[-64.75905,-26.22403],[-64.78117,-26.22336],[-64.80588,-26.23234],[-64.81584,-26.23135],[-64.84693,-26.23967],[-64.87343,-26.27494],[-64.88737,-26.28259],[-64.89794,-26.2796],[-64.91228,-26.29191],[-64.92384,-26.29224],[-64.94157,-26.30223],[-64.95094,-26.30689],[-64.96568,-26.29524],[-64.97664,-26.27461],[-64.99378,-26.28392],[-65.0145,-26.28492],[-65.03781,-26.29025],[-65.03343,-26.27061],[-65.04638,-26.26462],[-65.0406,-26.23734],[-65.05077,-26.23101],[-65.10975,-26.2167],[-65.19343,-26.19408],[-65.22531,-26.19042],[-65.22272,-26.18443],[-65.27214,-26.17311],[-65.28051,-26.16346],[-65.27553,-26.15581],[-65.29386,-26.12686],[-65.29167,-26.10356],[-65.30083,-26.09092],[-65.31717,-26.08127],[-65.32195,-26.07195],[-65.34706,-26.0603],[-65.363,-26.05864],[-65.37456,-26.06529],[-65.3889,-26.08459],[-65.40923,-26.09491],[-65.42258,-26.10855],[-65.43832,-26.10955],[-65.47658,-26.09524],[-65.50467,-26.08992],[-65.52101,-26.09524],[-65.5515,-26.08792],[-65.60171,-26.12053],[-65.63,-26.1232],[-65.63997,-26.11088],[-65.66448,-26.11721],[-65.68859,-26.11721],[-65.69994,-26.15647],[-65.69197,-26.16479],[-65.69596,-26.18709],[-65.7117,-26.21338],[-65.70333,-26.22536],[-65.70273,-26.24166],[-65.7117,-26.25298],[-65.72266,-26.27993],[-65.70751,-26.2989],[-65.72306,-26.31288],[-65.7115,-26.32885],[-65.7123,-26.34416],[-65.71907,-26.35281],[-66.00002,-26.26396],[-66.0331,-26.24998],[-66.04705,-26.24133],[-66.07136,-26.23867],[-66.09985,-26.22036],[-66.12157,-26.18809],[-66.13831,-26.17511],[-66.14229,-26.15947],[-66.17079,-26.13384],[-66.18135,-26.13418],[-66.19629,-26.13085],[-66.23056,-26.14915],[-66.24391,-26.1771],[-66.27978,-26.22003],[-66.29293,-26.22935],[-66.30608,-26.26229],[-66.3019,-26.27061],[-66.32083,-26.29491],[-66.33119,-26.30356],[-66.33198,-26.32153],[-66.34195,-26.34216],[-66.3553,-26.35214],[-66.37024,-26.38975],[-66.37482,-26.41271],[-66.382,-26.4167],[-66.41368,-26.39873],[-66.42404,-26.38708],[-66.44935,-26.37311],[-66.4611,-26.36412],[-66.47744,-26.35946],[-66.4892,-26.36612],[-66.50813,-26.36479],[-66.53981,-26.35314],[-66.54838,-26.33251],[-66.54878,-26.32119],[-66.55774,-26.30855],[-66.55954,-26.28858],[-66.55037,-26.2806],[-66.52726,-26.28226],[-66.5418,-26.25963],[-66.5683,-26.24998],[-66.56691,-26.23401],[-66.57647,-26.21038],[-66.57249,-26.18343],[-66.58424,-26.1598],[-66.59859,-26.14749],[-66.62051,-26.14383],[-66.62589,-26.12719],[-66.64123,-26.11321],[-66.66116,-26.10622],[-66.65438,-26.09225],[-66.66096,-26.07661],[-66.68845,-26.07727],[-66.7024,-26.08226],[-66.72452,-26.07561],[-66.73209,-26.06563],[-66.75461,-26.05864],[-66.75959,-26.04899],[-66.77872,-26.04799],[-66.78111,-26.03301],[-66.80522,-26.0187],[-66.82694,-25.99541],[-66.84666,-25.97012],[-66.84467,-25.95082],[-66.85264,-25.91721],[-66.84886,-25.89658],[-66.83929,-25.8806],[-66.84666,-25.83967],[-66.84766,-25.79641],[-66.85782,-25.77245],[-66.87077,-25.76813],[-66.8632,-25.74284],[-66.84328,-25.71255],[-66.81279,-25.70024],[-66.78928,-25.69924],[-66.75939,-25.7059],[-66.69124,-25.70357],[-66.6759,-25.71023],[-66.64801,-25.71156],[-66.63605,-25.68826],[-66.63306,-25.66197],[-66.6233,-25.647],[-66.61333,-25.64201],[-66.60636,-25.6287],[-66.56392,-25.62171],[-66.56352,-25.60174],[-66.57269,-25.58677],[-66.56153,-25.56247],[-66.54798,-25.55482],[-66.53463,-25.53652],[-66.5428,-25.52254],[-66.541,-25.5099],[-66.53204,-25.50058],[-66.53523,-25.46231],[-66.52287,-25.45299],[-66.51849,-25.44035],[-66.52447,-25.4104],[-66.53443,-25.38577],[-66.53443,-25.37546],[-66.54758,-25.3688],[-66.58962,-25.37246],[-66.59939,-25.36314],[-66.58564,-25.34185],[-66.58165,-25.32155],[-66.56113,-25.30025],[-66.87934,-25.24168],[-67.11506,-25.24102],[-67.2916,-25.24035],[-67.52194,-25.23969],[-67.86467,-25.23836],[-68.12709,-25.20974],[-68.31937,-25.18877],[-68.50727,-25.16847],[-68.48734,-25.16215],[-68.46981,-25.14784],[-68.46084,-25.12621],[-68.44331,-25.13154],[-68.43773,-25.12521],[-68.41023,-25.14518],[-68.34428,-25.1109],[-68.35763,-25.09926],[-68.365,-25.06997],[-68.37377,-25.06565],[-68.37098,-25.05333],[-68.37915,-25.04302],[-68.40605,-25.03104],[-68.41262,-25.0164],[-68.41681,-24.9941],[-68.40923,-24.97147],[-68.42757,-24.96082],[-68.43095,-24.92988],[-68.43972,-24.91889],[-68.43255,-24.90592],[-68.46861,-24.90126],[-68.48734,-24.8946],[-68.49332,-24.87597],[-68.51803,-24.87464],[-68.53317,-24.85833],[-68.53317,-24.82871],[-68.53795,-24.8174],[-68.56864,-24.79344],[-68.56286,-24.78545],[-68.56186,-24.76282],[-68.54672,-24.75384],[-68.54433,-24.72422],[-68.53536,-24.71357],[-68.51584,-24.70392],[-68.4979,-24.67664],[-68.48814,-24.63937],[-68.49372,-24.6377],[-68.50308,-24.61707],[-68.49332,-24.59943],[-68.47499,-24.6214],[-68.45566,-24.61774],[-68.45048,-24.60276],[-68.43573,-24.60675],[-68.43414,-24.58413],[-68.42059,-24.56316],[-68.40605,-24.52855],[-68.40326,-24.51058],[-68.3917,-24.49162],[-68.36042,-24.48895],[-68.33212,-24.49228],[-68.3102,-24.48529],[-68.29984,-24.46832],[-68.29725,-24.45568],[-68.26876,-24.43538],[-68.26258,-24.40509],[-68.24544,-24.39611],[-68.0438,-24.31724],[-67.83219,-24.23538],[-67.8296,-24.23372],[-67.62755,-24.15452],[-67.45898,-24.08763],[-67.32269,-24.03405],[-67.26849,-23.86501],[-67.25414,-23.82374],[-67.2131,-23.69496],[-66.9975,-23.88497],[-66.98853,-23.89496],[-66.97937,-23.92258],[-66.96124,-23.94487],[-66.94111,-23.98414],[-66.91521,-23.97016],[-66.88711,-23.97183],[-66.87994,-23.99379],[-66.86739,-24.0091],[-66.84009,-24.068],[-66.80123,-24.09462],[-66.79386,-24.09695],[-66.77533,-24.08796],[-66.75222,-24.08696],[-66.74106,-24.09262],[-66.7291,-24.11924],[-66.71416,-24.13222],[-66.67869,-24.14221],[-66.66594,-24.15751],[-66.64621,-24.17249],[-66.61931,-24.1818],[-66.59082,-24.18813],[-66.55874,-24.18713],[-66.54878,-24.19378],[-66.54359,-24.20776],[-66.53323,-24.20743],[-66.51211,-24.19745],[-66.49996,-24.19878],[-66.48342,-24.21309],[-66.46907,-24.19844],[-66.47884,-24.1848],[-66.44576,-24.16483],[-66.4348,-24.16783],[-66.42065,-24.16084],[-66.41428,-24.12856],[-66.40312,-24.12457],[-66.3818,-24.1279],[-66.36944,-24.09329],[-66.36805,-24.06134],[-66.37024,-24.05003],[-66.34972,-24.02108],[-66.3533,-23.99878],[-66.36805,-23.97183],[-66.36526,-23.9645],[-66.35988,-23.91226],[-66.36048,-23.89595],[-66.3543,-23.88397],[-66.37144,-23.86268],[-66.37921,-23.84737],[-66.3808,-23.82807],[-66.37204,-23.82175],[-66.35789,-23.82274],[-66.36048,-23.78414],[-66.36745,-23.77449],[-66.37682,-23.74887],[-66.36765,-23.73323],[-66.36765,-23.69463],[-66.34812,-23.66867],[-66.33816,-23.669],[-66.33039,-23.65669],[-66.33338,-23.62242],[-66.31724,-23.60611],[-66.31744,-23.5735],[-66.31106,-23.56152],[-66.28357,-23.57483],[-66.2732,-23.57283],[-66.26045,-23.55819],[-66.25806,-23.53423],[-66.23953,-23.4923],[-66.21861,-23.48432],[-66.20586,-23.46202],[-66.1933,-23.4527],[-66.18214,-23.43573],[-66.18434,-23.41676],[-66.17178,-23.41377],[-66.14229,-23.42175],[-66.10922,-23.43739],[-66.09407,-23.45503],[-66.05283,-23.47799],[-65.99903,-23.51493],[-65.98727,-23.50961],[-66.00202,-23.68198],[-66.00979,-23.77483],[-66.00819,-23.80278],[-66.01019,-23.82175],[-66.01975,-23.8467],[-66.02194,-23.86168],[-66.01816,-23.88231],[-66.01098,-23.89828],[-66.01656,-23.91792],[-66.00421,-23.92757],[-65.99644,-23.94454],[-65.99783,-23.96051],[-65.99086,-23.98181],[-65.97133,-23.97648],[-65.96017,-23.96683],[-65.94204,-23.9675],[-65.94164,-23.97948],[-65.95021,-24.00344],[-65.94304,-24.0081],[-65.91713,-24.00344],[-65.86732,-24.00344],[-65.84321,-24.01908],[-65.82727,-24.01908],[-65.80276,-24.03439],[-65.78503,-24.05602],[-65.75275,-24.05801],[-65.74956,-24.07598],[-65.7374,-24.07998],[-65.73441,-24.09063],[-65.72086,-24.10926],[-65.73083,-24.1442],[-65.71608,-24.16317],[-65.72505,-24.18613],[-65.7101,-24.19678],[-65.69456,-24.21475],[-65.69715,-24.22972],[-65.67245,-24.24869],[-65.67344,-24.27964],[-65.68261,-24.30759],[-65.66966,-24.3412],[-65.65591,-24.35518],[-65.6579,-24.37215]]]]}},{"type":"Feature","properties":{"provincia":"San Juan","indec":"70","source_name":"San Juan"},"geometry":{"type":"MultiPolygon","coordinates":[[[[-66.66175,-31.92041],[-66.88572,-31.89778],[-67.00587,-31.85552],[-67.04991,-31.85752],[-67.13678,-31.83389],[-67.2398,-31.88015],[-67.24159,-31.88081],[-67.37928,-31.86817],[-67.37828,-31.88447],[-67.36832,-31.93372],[-67.36533,-31.97598],[-67.36772,-32.01459],[-67.37788,-32.05252],[-67.38386,-32.12507],[-67.38087,-32.19595],[-67.38207,-32.21125],[-67.37609,-32.23754],[-67.37031,-32.2462],[-67.27805,-32.29245],[-67.2663,-32.33937],[-67.26371,-32.38197],[-67.31771,-32.38197],[-67.32767,-32.36599],[-67.33126,-32.35102],[-67.35517,-32.35202],[-67.38167,-32.33039],[-67.39641,-32.33272],[-67.42391,-32.32772],[-67.44563,-32.31907],[-67.48209,-32.29378],[-67.48807,-32.27149],[-67.48568,-32.26317],[-67.50899,-32.24387],[-67.52673,-32.2229],[-67.54446,-32.23954],[-67.57953,-32.23721],[-67.59447,-32.24653],[-67.613,-32.23455],[-67.62018,-32.24187],[-67.64827,-32.23954],[-67.66142,-32.23422],[-67.68713,-32.23821],[-67.69689,-32.23322],[-67.71323,-32.24586],[-67.72399,-32.2422],[-67.73316,-32.22457],[-67.75747,-32.22689],[-67.77699,-32.23521],[-67.79652,-32.22024],[-67.80828,-32.22689],[-67.83119,-32.2259],[-67.83557,-32.21625],[-67.85849,-32.21125],[-67.87005,-32.18962],[-67.88419,-32.18097],[-67.89694,-32.18031],[-67.91727,-32.167],[-67.9354,-32.13971],[-67.93421,-32.11941],[-67.95832,-32.11508],[-67.95692,-32.09312],[-67.98223,-32.08879],[-67.9888,-32.09345],[-68.00434,-32.08048],[-68.02307,-32.08713],[-68.03344,-32.07615],[-68.04898,-32.08014],[-68.05974,-32.07482],[-68.07269,-32.09844],[-68.0978,-32.09279],[-68.1237,-32.10577],[-68.13745,-32.1071],[-68.1512,-32.11908],[-68.16754,-32.11309],[-68.18666,-32.11275],[-68.20699,-32.12107],[-68.24784,-32.09146],[-68.30403,-32.13771],[-68.31518,-32.13771],[-68.46303,-32.13771],[-68.46283,-32.23788],[-68.51085,-32.26117],[-68.66568,-32.33704],[-68.91754,-32.33804],[-68.91754,-32.11475],[-68.95679,-32.10876],[-68.99684,-32.11775],[-69.01159,-32.11641],[-69.02753,-32.09512],[-69.06439,-32.07449],[-69.07096,-32.06117],[-69.08631,-32.05252],[-69.09368,-32.03156],[-69.11639,-32.01991],[-69.11639,-32.00261],[-69.12636,-32.00194],[-69.12835,-31.99928],[-69.18394,-31.99928],[-69.21104,-32.00926],[-69.21762,-32.0076],[-69.24452,-32.01625],[-69.26245,-32.03322],[-69.26743,-32.05552],[-69.28078,-32.07282],[-69.29413,-32.07116],[-69.31426,-32.09112],[-69.34494,-32.0828],[-69.3832,-32.0645],[-69.39037,-32.07681],[-69.41568,-32.0665],[-69.43401,-32.07648],[-69.45473,-32.07482],[-69.47127,-32.09079],[-69.47705,-32.11042],[-69.49478,-32.11442],[-69.51192,-32.12939],[-69.53105,-32.14104],[-69.58604,-32.13472],[-69.5984,-32.14537],[-69.59581,-32.16234],[-69.60577,-32.18397],[-69.61832,-32.23721],[-69.62569,-32.23921],[-69.63088,-32.26017],[-69.6508,-32.26882],[-69.68089,-32.30343],[-69.70918,-32.30975],[-69.72393,-32.31641],[-69.7307,-32.3417],[-69.72672,-32.35601],[-69.73309,-32.39062],[-69.7042,-32.4036],[-69.69025,-32.4229],[-69.68906,-32.43721],[-69.69882,-32.44353],[-69.69424,-32.45784],[-69.70281,-32.47548],[-69.705,-32.49644],[-69.72313,-32.49644],[-69.74365,-32.50942],[-69.76537,-32.51574],[-69.77095,-32.53105],[-69.79267,-32.54735],[-69.82156,-32.54403],[-69.82734,-32.56266],[-69.84727,-32.57065],[-69.85882,-32.56266],[-69.90147,-32.561],[-69.90605,-32.55401],[-69.93056,-32.54136],[-69.96423,-32.54569],[-69.98436,-32.53105],[-70.00408,-32.52839],[-70.0258,-32.56],[-70.0258,-32.57863],[-70.04174,-32.58496],[-70.04573,-32.60526],[-70.06625,-32.62589],[-70.08757,-32.62289],[-70.09136,-32.60226],[-70.11128,-32.58995],[-70.12623,-32.57431],[-70.12782,-32.55368],[-70.12344,-32.53504],[-70.14137,-32.49877],[-70.14057,-32.48546],[-70.14874,-32.46582],[-70.16907,-32.45384],[-70.19278,-32.44985],[-70.2135,-32.43854],[-70.21828,-32.42855],[-70.23661,-32.42922],[-70.23861,-32.40493],[-70.23143,-32.39095],[-70.21749,-32.38197],[-70.22924,-32.36366],[-70.21828,-32.33272],[-70.22267,-32.32473],[-70.2412,-32.31674],[-70.25734,-32.30376],[-70.26511,-32.29112],[-70.28444,-32.29245],[-70.29639,-32.27814],[-70.31871,-32.27348],[-70.32349,-32.26583],[-70.30496,-32.23222],[-70.31094,-32.22224],[-70.30097,-32.20693],[-70.31014,-32.19894],[-70.30735,-32.18729],[-70.31711,-32.15934],[-70.30396,-32.13638],[-70.31871,-32.13205],[-70.34162,-32.10843],[-70.35019,-32.08846],[-70.34023,-32.0838],[-70.33525,-32.07049],[-70.35856,-32.05785],[-70.3743,-32.05485],[-70.38825,-32.04387],[-70.38028,-32.02657],[-70.35119,-32.02623],[-70.3472,-32.03921],[-70.3211,-32.05053],[-70.30576,-32.04753],[-70.28942,-32.05219],[-70.28344,-32.03821],[-70.24817,-32.02357],[-70.24897,-31.99229],[-70.23542,-31.98996],[-70.22685,-31.98098],[-70.20812,-31.97798],[-70.20932,-31.96034],[-70.22207,-31.9477],[-70.23243,-31.9254],[-70.2402,-31.91775],[-70.26351,-31.91076],[-70.27208,-31.89046],[-70.28005,-31.88414],[-70.30755,-31.88447],[-70.31711,-31.88081],[-70.34342,-31.88647],[-70.36374,-31.88048],[-70.39164,-31.87981],[-70.42152,-31.86085],[-70.4273,-31.85386],[-70.44743,-31.85219],[-70.46078,-31.84121],[-70.45101,-31.80993],[-70.45998,-31.80561],[-70.46775,-31.77399],[-70.46855,-31.7497],[-70.45799,-31.73273],[-70.46596,-31.71908],[-70.46974,-31.69679],[-70.48708,-31.6898],[-70.51019,-31.6908],[-70.51259,-31.67815],[-70.50681,-31.6522],[-70.53171,-31.63789],[-70.54765,-31.60628],[-70.56718,-31.58331],[-70.55841,-31.57466],[-70.5628,-31.56102],[-70.55224,-31.5111],[-70.56718,-31.50045],[-70.562,-31.48182],[-70.56917,-31.47649],[-70.563,-31.46152],[-70.55104,-31.4542],[-70.54825,-31.4349],[-70.56021,-31.41992],[-70.54985,-31.40794],[-70.53391,-31.40894],[-70.53948,-31.38631],[-70.53012,-31.37566],[-70.53251,-31.35104],[-70.54247,-31.34405],[-70.54506,-31.30711],[-70.52733,-31.27983],[-70.52514,-31.23756],[-70.51637,-31.2339],[-70.52016,-31.21959],[-70.51338,-31.19663],[-70.52394,-31.18998],[-70.51657,-31.16635],[-70.49943,-31.14206],[-70.49724,-31.12209],[-70.47891,-31.1161],[-70.46496,-31.10312],[-70.4562,-31.08416],[-70.43228,-31.10179],[-70.42431,-31.12775],[-70.41654,-31.13341],[-70.40817,-31.16602],[-70.39682,-31.16535],[-70.36533,-31.14206],[-70.36175,-31.1201],[-70.36673,-31.10645],[-70.35159,-31.08981],[-70.33903,-31.06818],[-70.32847,-31.06253],[-70.3211,-31.04323],[-70.29819,-31.04722],[-70.26909,-31.04289],[-70.27706,-31.0216],[-70.29719,-31.0206],[-70.2936,-31.00828],[-70.30257,-30.99398],[-70.2942,-30.978],[-70.29898,-30.96203],[-70.31413,-30.95504],[-70.32289,-30.93374],[-70.31293,-30.90479],[-70.30675,-30.8978],[-70.30476,-30.87384],[-70.29241,-30.8429],[-70.28404,-30.84057],[-70.27686,-30.81228],[-70.29101,-30.7993],[-70.28802,-30.78666],[-70.27328,-30.78133],[-70.27388,-30.75638],[-70.26411,-30.73907],[-70.24638,-30.72709],[-70.25654,-30.71345],[-70.25913,-30.69981],[-70.25335,-30.67784],[-70.2396,-30.66586],[-70.25036,-30.66087],[-70.24658,-30.63425],[-70.23801,-30.61295],[-70.22566,-30.6063],[-70.22107,-30.583],[-70.20653,-30.56836],[-70.20732,-30.55871],[-70.19079,-30.55072],[-70.19617,-30.53608],[-70.17943,-30.51245],[-70.19477,-30.49149],[-70.15014,-30.46354],[-70.13619,-30.45888],[-70.11846,-30.43325],[-70.12483,-30.40896],[-70.1338,-30.40231],[-70.14416,-30.37136],[-70.15552,-30.36138],[-70.15472,-30.34673],[-70.13659,-30.34074],[-70.1065,-30.35206],[-70.10351,-30.36637],[-70.08398,-30.37435],[-70.06824,-30.39266],[-70.0525,-30.38833],[-70.01962,-30.39665],[-69.98834,-30.37835],[-69.95566,-30.38567],[-69.9459,-30.37801],[-69.93474,-30.35805],[-69.90346,-30.34307],[-69.90804,-30.31812],[-69.90127,-30.3088],[-69.90246,-30.29582],[-69.89469,-30.28783],[-69.89549,-30.27286],[-69.88353,-30.27219],[-69.87855,-30.25822],[-69.88712,-30.2479],[-69.88792,-30.22394],[-69.86879,-30.21096],[-69.85504,-30.21762],[-69.83491,-30.21895],[-69.82296,-30.18401],[-69.82874,-30.16205],[-69.81041,-30.15572],[-69.80981,-30.14474],[-69.82894,-30.12544],[-69.84787,-30.12977],[-69.87178,-30.11146],[-69.90465,-30.10614],[-69.92996,-30.11978],[-69.9453,-30.11246],[-69.9451,-30.09283],[-69.96343,-30.08751],[-69.96284,-30.07286],[-69.94789,-30.06355],[-69.91581,-30.02628],[-69.92538,-30.00531],[-69.92119,-29.98501],[-69.89808,-29.95772],[-69.89648,-29.93676],[-69.90924,-29.93543],[-69.90505,-29.91912],[-69.88891,-29.90548],[-69.89429,-29.87852],[-69.87716,-29.86288],[-69.89648,-29.8509],[-69.90067,-29.83926],[-69.89369,-29.81929],[-69.91342,-29.80665],[-69.91183,-29.79666],[-69.8935,-29.76771],[-69.89708,-29.75373],[-69.87955,-29.73443],[-69.88692,-29.71879],[-69.88154,-29.70881],[-69.89788,-29.6935],[-69.90465,-29.69849],[-69.92219,-29.68385],[-69.92318,-29.67187],[-69.93374,-29.66455],[-69.94191,-29.64558],[-69.93813,-29.62329],[-69.94132,-29.61131],[-69.93355,-29.60066],[-69.93295,-29.5767],[-69.93932,-29.55906],[-69.95626,-29.5351],[-69.9463,-29.5188],[-69.95347,-29.49983],[-69.94749,-29.49051],[-69.96025,-29.47088],[-69.95646,-29.46655],[-69.98196,-29.45224],[-69.96662,-29.42762],[-69.96682,-29.41331],[-69.98097,-29.40133],[-70.00986,-29.39501],[-70.02122,-29.38436],[-70.01165,-29.36938],[-70.01046,-29.35374],[-70.01723,-29.34376],[-70.01843,-29.32047],[-69.99631,-29.3025],[-69.9983,-29.28619],[-69.97918,-29.27421],[-69.97021,-29.27388],[-69.94729,-29.26323],[-69.93653,-29.24526],[-69.95188,-29.21298],[-69.9445,-29.204],[-69.95248,-29.19135],[-69.93295,-29.18869],[-69.90525,-29.17005],[-69.88313,-29.14376],[-69.85843,-29.13312],[-69.8395,-29.12946],[-69.79247,-29.13478],[-69.79168,-29.11415],[-69.7851,-29.10217],[-69.79646,-29.08253],[-69.79108,-29.06523],[-69.79486,-29.05791],[-69.78809,-29.03162],[-69.77693,-29.01332],[-69.76776,-28.99002],[-69.75521,-28.98503],[-69.76219,-28.96507],[-69.75362,-28.95808],[-69.75382,-28.93645],[-69.76677,-28.92247],[-69.76438,-28.89485],[-69.74624,-28.88087],[-69.74086,-28.8649],[-69.74385,-28.84926],[-69.72413,-28.84127],[-69.705,-28.80334],[-69.70859,-28.79069],[-69.7044,-28.77805],[-69.69304,-28.77006],[-69.70141,-28.75043],[-69.72871,-28.73812],[-69.7309,-28.72048],[-69.7301,-28.67822],[-69.71695,-28.65526],[-69.70181,-28.64028],[-69.7036,-28.62031],[-69.69284,-28.60601],[-69.69284,-28.59403],[-69.67591,-28.5907],[-69.66315,-28.58138],[-69.67112,-28.57106],[-69.66973,-28.55476],[-69.6518,-28.53146],[-69.66415,-28.52048],[-69.65718,-28.50285],[-69.66555,-28.49785],[-69.66475,-28.48221],[-69.67511,-28.47689],[-69.67352,-28.46025],[-69.66216,-28.44694],[-69.64024,-28.44295],[-69.63606,-28.42831],[-69.65578,-28.41266],[-69.63904,-28.3917],[-69.62988,-28.3937],[-69.60577,-28.41899],[-69.5707,-28.40534],[-69.55516,-28.40568],[-69.53742,-28.41599],[-69.52487,-28.42864],[-69.48821,-28.414],[-69.46968,-28.41566],[-69.45872,-28.42897],[-69.4358,-28.44827],[-69.42544,-28.45193],[-69.40631,-28.4486],[-69.37603,-28.4486],[-69.35072,-28.43862],[-69.32422,-28.42365],[-69.31605,-28.41167],[-69.20247,-28.59635],[-69.21662,-28.60634],[-69.21483,-28.63762],[-69.21782,-28.64827],[-69.20865,-28.67023],[-69.20985,-28.68154],[-69.19869,-28.7095],[-69.17039,-28.73878],[-69.16202,-28.76108],[-68.90817,-28.86091],[-68.91833,-28.86357],[-68.93368,-28.89751],[-68.93348,-28.9075],[-68.94882,-28.92014],[-68.95061,-28.93312],[-68.96117,-28.93944],[-68.95978,-28.95408],[-68.94822,-28.97106],[-68.93168,-28.98903],[-68.93248,-29.01798],[-68.91395,-29.02863],[-68.90837,-29.04726],[-68.90797,-29.07288],[-68.91754,-29.07155],[-68.92531,-29.08952],[-68.92391,-29.10583],[-68.91295,-29.11115],[-68.91495,-29.13445],[-68.93388,-29.14909],[-68.93268,-29.1614],[-68.94683,-29.16872],[-68.95858,-29.16406],[-68.96297,-29.14975],[-68.97512,-29.14975],[-68.97831,-29.1624],[-68.99325,-29.17538],[-69.00083,-29.19002],[-68.99405,-29.19867],[-68.98947,-29.21831],[-68.97911,-29.23062],[-68.99226,-29.25325],[-68.98907,-29.27388],[-68.95819,-29.28486],[-68.96237,-29.31115],[-68.97333,-29.31547],[-68.98548,-29.32845],[-68.97452,-29.36406],[-68.98787,-29.37504],[-69.00242,-29.402],[-68.99664,-29.41531],[-68.9801,-29.42263],[-68.97413,-29.44259],[-68.97512,-29.45657],[-68.98987,-29.4782],[-69.00142,-29.47887],[-69.009,-29.49517],[-69.03131,-29.52379],[-69.02952,-29.54242],[-69.0343,-29.55906],[-69.03191,-29.58469],[-69.02314,-29.59367],[-69.01976,-29.62529],[-69.01358,-29.63959],[-68.95739,-29.65756],[-68.93408,-29.64459],[-68.93647,-29.62395],[-68.90777,-29.61996],[-68.89701,-29.60931],[-68.8735,-29.63161],[-68.83166,-29.63394],[-68.80476,-29.62529],[-68.78324,-29.62462],[-68.77128,-29.63127],[-68.74777,-29.63161],[-68.73542,-29.62529],[-68.7129,-29.62895],[-68.69078,-29.63826],[-68.68142,-29.64658],[-68.66867,-29.63993],[-68.63957,-29.63893],[-68.62184,-29.64558],[-68.57302,-29.63793],[-68.52022,-29.6376],[-68.46762,-29.64425],[-68.44131,-29.65058],[-68.25879,-29.74675],[-68.26776,-29.75873],[-68.2586,-29.76472],[-68.25381,-29.78069],[-68.23229,-29.77869],[-68.22213,-29.78435],[-68.19902,-29.78102],[-68.18587,-29.80099],[-68.18208,-29.82262],[-68.18427,-29.84824],[-68.1769,-29.85856],[-68.16335,-29.86521],[-68.15957,-29.88418],[-68.10517,-29.88418],[-68.07249,-29.8915],[-68.04559,-29.90814],[-68.01311,-29.9494],[-67.99817,-29.97569],[-67.99199,-29.97935],[-67.96848,-30.0093],[-67.95911,-30.01063],[-67.90432,-30.06022],[-67.90531,-30.06721],[-67.88758,-30.07985],[-67.87264,-30.07952],[-67.87005,-30.08983],[-67.85709,-30.10048],[-67.81744,-30.12145],[-67.81625,-30.1271],[-67.68633,-30.21496],[-67.67876,-30.23126],[-67.63492,-30.26421],[-67.60643,-30.29316],[-67.59089,-30.29815],[-67.59168,-30.32644],[-67.57674,-30.37901],[-67.57694,-30.4063],[-67.5078,-30.51578],[-67.48488,-30.54806],[-67.44623,-30.57801],[-67.43088,-30.59864],[-67.42451,-30.61428],[-67.38665,-30.6429],[-67.29878,-30.6815],[-67.28284,-30.69515],[-67.25315,-30.73674],[-67.22067,-30.76902],[-67.19716,-30.81361],[-67.17046,-30.84789],[-67.1577,-30.85754],[-67.14256,-30.87983],[-67.12503,-30.89747],[-67.08537,-30.91411],[-67.08497,-30.9201],[-67.1041,-30.97501],[-67.11247,-31.01061],[-67.1039,-31.02492],[-67.09215,-31.06086],[-67.09992,-31.08349],[-67.12582,-31.16069],[-67.07521,-31.22758],[-67.10908,-31.38299],[-67.0782,-31.4339],[-66.95845,-31.63256],[-66.87516,-31.63256],[-66.84527,-31.71443],[-66.82534,-31.76135],[-66.80422,-31.80893],[-66.79207,-31.82524],[-66.76836,-31.84787],[-66.72273,-31.88381],[-66.66175,-31.92041]]]]}},{"type":"Feature","properties":{"provincia":"San Luis","indec":"74","source_name":"San Luis"},"geometry":{"type":"MultiPolygon","coordinates":[[[[-67.18341,-33.08711],[-67.17703,-33.07313],[-67.18719,-33.0525],[-67.18341,-33.03919],[-67.1844,-33.01623],[-67.19158,-32.98362],[-67.20134,-32.9733],[-67.20154,-32.95666],[-67.21031,-32.94601],[-67.21429,-32.90874],[-67.23123,-32.89776],[-67.22704,-32.85983],[-67.20951,-32.85716],[-67.20951,-32.84884],[-67.19257,-32.83986],[-67.17743,-32.82056],[-67.17643,-32.78928],[-67.1858,-32.77164],[-67.16707,-32.76332],[-67.17006,-32.75001],[-67.18261,-32.72905],[-67.18002,-32.71807],[-67.19217,-32.70442],[-67.18899,-32.6971],[-67.20871,-32.68645],[-67.22426,-32.68279],[-67.23501,-32.65717],[-67.23721,-32.63487],[-67.25394,-32.62955],[-67.25673,-32.62056],[-67.24398,-32.60459],[-67.24637,-32.58995],[-67.26809,-32.57098],[-67.26211,-32.55368],[-67.27407,-32.53903],[-67.29678,-32.53504],[-67.28602,-32.5194],[-67.28642,-32.5011],[-67.2936,-32.49577],[-67.30137,-32.47082],[-67.29579,-32.4615],[-67.29579,-32.43155],[-67.31013,-32.42489],[-67.30675,-32.41391],[-67.3203,-32.38796],[-67.31771,-32.38197],[-67.26371,-32.38197],[-67.2663,-32.33937],[-67.27805,-32.29245],[-67.37031,-32.2462],[-67.37609,-32.23754],[-67.38207,-32.21125],[-67.38087,-32.19595],[-67.38386,-32.12507],[-67.37788,-32.05252],[-67.36772,-32.01459],[-67.36533,-31.97598],[-67.36832,-31.93372],[-67.37828,-31.88447],[-67.37928,-31.86817],[-67.24159,-31.88081],[-67.2398,-31.88015],[-67.13678,-31.83389],[-67.04991,-31.85752],[-67.00587,-31.85552],[-66.88572,-31.89778],[-66.66175,-31.92041],[-66.60457,-31.92341],[-66.60477,-31.93406],[-66.56651,-31.95036],[-66.39375,-31.98464],[-66.36845,-31.99728],[-66.3549,-31.99063],[-66.33816,-31.94371],[-66.33238,-31.93805],[-66.2997,-31.93106],[-66.22837,-31.94138],[-66.16023,-31.96367],[-66.16122,-31.93838],[-66.15126,-31.93605],[-66.13153,-31.94371],[-66.07953,-31.97133],[-66.06917,-31.93638],[-65.9791,-31.88913],[-65.94144,-31.90311],[-65.91414,-31.9101],[-65.88764,-31.9101],[-65.86632,-31.90244],[-65.82508,-31.89712],[-65.77008,-31.8888],[-65.62841,-31.89845],[-65.60629,-31.90843],[-65.31299,-32.04154],[-65.29226,-32.06284],[-65.24484,-32.09013],[-65.23587,-32.11675],[-65.24245,-32.12074],[-65.22551,-32.167],[-65.23169,-32.21059],[-65.22033,-32.21891],[-65.21037,-32.23488],[-65.20878,-32.25318],[-65.21934,-32.27981],[-65.20778,-32.30243],[-65.21137,-32.32573],[-65.08703,-32.31342],[-65.0671,-32.31741],[-65.05515,-32.31408],[-65.03542,-32.31708],[-64.99597,-32.31375],[-64.97704,-32.32107],[-64.95273,-32.30876],[-64.94038,-32.3001],[-64.92543,-32.3254],[-64.92723,-32.35801],[-64.92005,-32.36899],[-64.91946,-32.40127],[-64.92922,-32.41857],[-64.92364,-32.42889],[-64.91985,-32.46682],[-64.90132,-32.47947],[-64.89554,-32.48513],[-64.89873,-32.51474],[-64.89056,-32.52572],[-64.89076,-32.53804],[-64.88279,-32.56699],[-64.88837,-32.57997],[-64.92165,-32.60991],[-64.92523,-32.6199],[-64.91806,-32.63288],[-64.92424,-32.65384],[-64.91627,-32.67913],[-64.92364,-32.69544],[-64.94815,-32.72272],[-64.94954,-32.74302],[-64.94456,-32.76732],[-64.95672,-32.79028],[-64.97066,-32.80492],[-64.97405,-32.82888],[-64.96489,-32.85217],[-64.96588,-32.86748],[-64.97485,-32.87547],[-64.98302,-32.91407],[-64.99278,-32.92738],[-64.99557,-32.95001],[-65.01231,-32.96165],[-65.02227,-32.97297],[-64.99976,-33.00259],[-65.01609,-33.02322],[-65.02765,-33.04818],[-65.04817,-33.06881],[-65.05276,-33.09044],[-65.05933,-33.10042],[-65.05475,-33.11573],[-65.07408,-33.14235],[-65.10058,-33.15699],[-65.11054,-33.1723],[-65.14282,-33.19459],[-65.13266,-33.49842],[-65.11752,-33.95065],[-65.11752,-34.06113],[-65.11752,-34.48575],[-65.11752,-34.65214],[-65.11752,-34.78624],[-65.11752,-34.99988],[-65.11732,-35.32833],[-65.11712,-35.8012],[-65.11692,-35.9789],[-65.11692,-35.99953],[-65.26576,-35.99953],[-66.01776,-35.99953],[-66.1925,-35.99953],[-66.47326,-35.99953],[-66.63784,-35.99953],[-66.62529,-35.98023],[-66.61832,-35.94762],[-66.62848,-35.9373],[-66.62728,-35.89703],[-66.62071,-35.88339],[-66.6223,-35.84845],[-66.60457,-35.82782],[-66.58165,-35.76992],[-66.58404,-35.75694],[-66.58066,-35.70369],[-66.5699,-35.69404],[-66.55834,-35.67275],[-66.55914,-35.65245],[-66.54818,-35.63747],[-66.56272,-35.62449],[-66.5697,-35.6002],[-66.57069,-35.58223],[-66.56312,-35.57325],[-66.53981,-35.56293],[-66.53303,-35.54363],[-66.52586,-35.54064],[-66.52765,-35.51767],[-66.52287,-35.50736],[-66.52486,-35.49039],[-66.51729,-35.47009],[-66.52965,-35.44679],[-66.52287,-35.42882],[-66.52427,-35.41585],[-66.50833,-35.39655],[-66.5145,-35.38889],[-66.50673,-35.37558],[-66.50633,-35.35362],[-66.49836,-35.34297],[-66.49577,-35.31002],[-66.50833,-35.30204],[-66.51809,-35.28673],[-66.5159,-35.27176],[-66.48681,-35.23914],[-66.4878,-35.21818],[-66.49836,-35.19222],[-66.49418,-35.15662],[-66.47864,-35.14031],[-66.50494,-35.09306],[-66.52048,-35.04248],[-66.52247,-35.02184],[-66.53921,-35.01086],[-66.53622,-34.98224],[-66.54638,-34.96794],[-66.52586,-34.95096],[-66.52606,-34.94264],[-66.54001,-34.91702],[-66.55276,-34.91735],[-66.55455,-34.89073],[-66.54539,-34.88308],[-66.55137,-34.87143],[-66.56452,-34.82784],[-66.60337,-34.80088],[-66.5958,-34.7899],[-66.60855,-34.77393],[-66.64083,-34.76528],[-66.65159,-34.75729],[-66.64781,-34.74298],[-66.63904,-34.72268],[-66.68228,-34.69007],[-66.70619,-34.63949],[-66.7042,-34.62318],[-66.72611,-34.6112],[-66.73329,-34.60089],[-66.7291,-34.58691],[-66.75859,-34.56628],[-66.76616,-34.55097],[-66.7572,-34.53433],[-66.7574,-34.51171],[-66.76477,-34.49673],[-66.75321,-34.45547],[-66.75839,-34.4345],[-66.77334,-34.42452],[-66.78828,-34.42186],[-66.77294,-34.40422],[-66.76557,-34.38891],[-66.77115,-34.37527],[-66.7845,-34.37926],[-66.79167,-34.36395],[-66.81299,-34.34366],[-66.80263,-34.338],[-66.80362,-34.30639],[-66.77653,-34.29773],[-66.78649,-34.26945],[-66.80143,-34.25847],[-66.78828,-34.25281],[-66.7827,-34.23118],[-66.74584,-34.2212],[-66.72572,-34.22186],[-66.71974,-34.20988],[-66.72731,-34.20256],[-66.71954,-34.19058],[-66.7303,-34.18326],[-66.71237,-34.15231],[-66.73269,-34.14],[-66.72273,-34.13168],[-66.72512,-34.1217],[-66.71276,-34.10107],[-66.71177,-34.0811],[-66.71755,-34.07178],[-66.71316,-34.05315],[-66.69961,-34.04682],[-66.70758,-34.02286],[-66.68706,-34.00223],[-66.66355,-33.98593],[-66.67212,-33.97062],[-66.66634,-33.96097],[-66.68965,-33.93734],[-66.70977,-33.93668],[-66.7285,-33.92802],[-66.73648,-33.91139],[-66.75002,-33.91471],[-66.76517,-33.89574],[-66.79267,-33.88077],[-66.80064,-33.8628],[-66.8108,-33.8628],[-66.83949,-33.84749],[-66.85384,-33.84417],[-66.87416,-33.83152],[-66.88353,-33.80323],[-66.88074,-33.78759],[-66.88432,-33.76796],[-66.94908,-33.73235],[-66.96124,-33.71804],[-66.97419,-33.68909],[-66.98136,-33.68909],[-67.00368,-33.66846],[-67.00408,-33.62986],[-67.00866,-33.61821],[-67.03715,-33.59692],[-67.07023,-33.56497],[-67.06525,-33.55166],[-67.09314,-33.53868],[-67.09135,-33.52803],[-67.09852,-33.51639],[-67.09613,-33.50441],[-67.11506,-33.4881],[-67.12104,-33.47412],[-67.1316,-33.47146],[-67.1314,-33.44983],[-67.14595,-33.43985],[-67.14376,-33.42687],[-67.15272,-33.41256],[-67.14993,-33.38028],[-67.1575,-33.37229],[-67.15232,-33.32704],[-67.16906,-33.30474],[-67.17723,-33.27479],[-67.17464,-33.26448],[-67.18082,-33.24884],[-67.17763,-33.21057],[-67.18261,-33.20558],[-67.17743,-33.17862],[-67.16866,-33.16997],[-67.17185,-33.15233],[-67.1842,-33.1307],[-67.18022,-33.10708],[-67.18341,-33.08711]]]]}},{"type":"Feature","properties":{"provincia":"Santa Cruz","indec":"78","source_name":"Santa Cruz"},"geometry":{"type":"MultiPolygon","coordinates":[[[[-67.67597,-49.44184],[-67.68832,-49.4851],[-67.68912,-49.5074],[-67.69729,-49.5287],[-67.70327,-49.56031],[-67.70566,-49.59958],[-67.71144,-49.62453],[-67.71961,-49.63352],[-67.71722,-49.65648],[-67.7214,-49.67145],[-67.71542,-49.69941],[-67.72459,-49.75698],[-67.73375,-49.7856],[-67.78596,-49.87079],[-67.79234,-49.88742],[-67.83637,-49.94466],[-67.85769,-49.96496],[-67.91707,-50.00523],[-67.95812,-50.02453],[-67.98681,-50.04283],[-68.04599,-50.07078],[-68.14143,-50.10373],[-68.20659,-50.11704],[-68.23867,-50.12036],[-68.27613,-50.11937],[-68.32654,-50.12303],[-68.35304,-50.11737],[-68.3634,-50.09274],[-68.39987,-50.07244],[-68.41641,-50.05913],[-68.44052,-50.02719],[-68.45566,-49.99225],[-68.47698,-49.96729],[-68.48933,-49.96163],[-68.51065,-49.93801],[-68.52919,-49.93568],[-68.54274,-49.91571],[-68.54154,-49.9004],[-68.55648,-49.88343],[-68.55828,-49.87212],[-68.59394,-49.83451],[-68.61068,-49.84183],[-68.60789,-49.85681],[-68.58299,-49.89541],[-68.57761,-49.92569],[-68.57143,-49.93667],[-68.59853,-49.93767],[-68.64017,-49.95964],[-68.6591,-49.96496],[-68.70433,-49.96696],[-68.72087,-49.9633],[-68.76291,-49.96662],[-68.7928,-49.96529],[-68.8189,-49.96895],[-68.82309,-49.97794],[-68.7673,-49.97727],[-68.74239,-49.97993],[-68.67285,-49.99325],[-68.64695,-49.98958],[-68.58059,-49.96429],[-68.56685,-49.97295],[-68.54174,-50.00023],[-68.51085,-50.0182],[-68.51305,-50.05314],[-68.50009,-50.06612],[-68.50069,-50.0781],[-68.48435,-50.09274],[-68.45168,-50.11071],[-68.41143,-50.11537],[-68.40146,-50.12935],[-68.36081,-50.13534],[-68.35464,-50.15031],[-68.3646,-50.16496],[-68.40724,-50.18625],[-68.46343,-50.20223],[-68.51404,-50.21387],[-68.53118,-50.22153],[-68.63399,-50.24881],[-68.66827,-50.26079],[-68.67165,-50.26945],[-68.70573,-50.27577],[-68.7386,-50.28974],[-68.77328,-50.28808],[-68.81871,-50.31237],[-68.85039,-50.31969],[-68.88008,-50.33567],[-68.88346,-50.35796],[-68.90658,-50.36362],[-68.92491,-50.38259],[-68.95061,-50.40089],[-68.98489,-50.43483],[-69.0076,-50.47111],[-69.0349,-50.49573],[-69.04805,-50.52668],[-69.07774,-50.56295],[-69.08113,-50.58991],[-69.09268,-50.62285],[-69.10862,-50.65513],[-69.12556,-50.67876],[-69.12755,-50.69672],[-69.1411,-50.72767],[-69.13851,-50.76561],[-69.13114,-50.79988],[-69.12855,-50.87842],[-69.13194,-50.89972],[-69.1429,-50.9087],[-69.16501,-50.90937],[-69.18354,-50.92567],[-69.23157,-50.95895],[-69.26125,-50.96361],[-69.32123,-50.98857],[-69.33657,-51.00654],[-69.3824,-51.03682],[-69.37164,-51.04514],[-69.38818,-51.06311],[-69.39615,-51.07975],[-69.44138,-51.08973],[-69.45692,-51.10271],[-69.43461,-51.10703],[-69.40552,-51.09771],[-69.3826,-51.08274],[-69.37443,-51.07076],[-69.31167,-51.03549],[-69.29752,-51.02218],[-69.26484,-51.0102],[-69.20785,-50.98491],[-69.20267,-50.97459],[-69.17378,-50.97625],[-69.15585,-50.99688],[-69.14688,-51.04148],[-69.11859,-51.14031],[-69.10723,-51.17026],[-69.07913,-51.2235],[-69.04705,-51.31635],[-69.03251,-51.34829],[-69.02514,-51.37392],[-68.99365,-51.45611],[-68.96237,-51.50869],[-68.94603,-51.55062],[-68.95858,-51.57191],[-68.98369,-51.57491],[-68.99505,-51.56293],[-69.01278,-51.55827],[-69.06001,-51.56726],[-69.08989,-51.59088],[-69.12616,-51.60253],[-69.15465,-51.60153],[-69.24153,-51.5789],[-69.25229,-51.57092],[-69.28915,-51.55894],[-69.34414,-51.55162],[-69.39057,-51.55761],[-69.42405,-51.57092],[-69.4378,-51.57125],[-69.5177,-51.59288],[-69.54679,-51.60286],[-69.55097,-51.61617],[-69.52846,-51.61617],[-69.5167,-51.60519],[-69.4908,-51.6012],[-69.45413,-51.60686],[-69.39077,-51.59221],[-69.34594,-51.58589],[-69.32183,-51.58722],[-69.26863,-51.59987],[-69.2497,-51.60053],[-69.20506,-51.61484],[-69.13672,-51.63348],[-69.11799,-51.62982],[-69.11221,-51.64679],[-69.08033,-51.63514],[-69.04944,-51.61917],[-69.01378,-51.60719],[-68.97532,-51.61584],[-68.9554,-51.62915],[-68.92112,-51.69138],[-68.85218,-51.7759],[-68.78284,-51.8784],[-68.76232,-51.91267],[-68.70852,-51.98122],[-68.58179,-52.11034],[-68.54752,-52.14229],[-68.417,-52.25809],[-68.35245,-52.32265],[-68.35464,-52.33629],[-68.37994,-52.3526],[-68.40605,-52.38055],[-68.4184,-52.38654],[-68.4186,-52.33263],[-68.51364,-52.32964],[-68.57342,-52.32531],[-68.58597,-52.30667],[-68.70971,-52.28538],[-68.83803,-52.27772],[-68.98688,-52.20352],[-69.07854,-52.18521],[-69.18992,-52.14994],[-69.48602,-52.1516],[-69.79028,-52.06142],[-69.99551,-52.00086],[-70.18441,-52.00019],[-70.6682,-51.99919],[-70.93082,-51.99953],[-71.29925,-51.99953],[-71.67465,-51.99986],[-71.92252,-51.99986],[-71.94883,-51.99021],[-71.96397,-51.97324],[-72.00422,-51.97956],[-72.03431,-51.96059],[-71.98888,-51.94162],[-71.96935,-51.92665],[-71.94942,-51.92132],[-71.93886,-51.90868],[-71.94185,-51.88472],[-71.96536,-51.86608],[-72.0106,-51.82016],[-72.064,-51.78489],[-72.07555,-51.77357],[-72.11042,-51.76925],[-72.12995,-51.74329],[-72.15107,-51.74629],[-72.18415,-51.73564],[-72.19989,-51.71301],[-72.24671,-51.70003],[-72.2786,-51.70469],[-72.29872,-51.6977],[-72.30071,-51.68705],[-72.28776,-51.66942],[-72.28796,-51.65245],[-72.29653,-51.64612],[-72.28676,-51.63314],[-72.31685,-51.62715],[-72.32323,-51.59288],[-72.33817,-51.58423],[-72.3844,-51.59421],[-72.40074,-51.58789],[-72.44139,-51.58523],[-72.43103,-51.55461],[-72.39257,-51.52466],[-72.39078,-51.51501],[-72.36228,-51.52533],[-72.34455,-51.52033],[-72.35352,-51.49704],[-72.34535,-51.47707],[-72.32423,-51.47574],[-72.34096,-51.44945],[-72.33817,-51.42483],[-72.30988,-51.40154],[-72.30828,-51.37791],[-72.31785,-51.35295],[-72.32602,-51.34563],[-72.34873,-51.34996],[-72.36906,-51.34197],[-72.3575,-51.31801],[-72.30749,-51.30703],[-72.30649,-51.29305],[-72.27361,-51.28606],[-72.26325,-51.27475],[-72.25867,-51.24413],[-72.28756,-51.2245],[-72.3037,-51.20187],[-72.31406,-51.20953],[-72.34814,-51.20387],[-72.35013,-51.18856],[-72.36049,-51.17026],[-72.39576,-51.1453],[-72.40911,-51.10737],[-72.40313,-51.09206],[-72.37623,-51.08008],[-72.37424,-51.02317],[-72.35611,-51.02883],[-72.32761,-51.02517],[-72.30131,-51.03216],[-72.27899,-51.02983],[-72.26564,-51.03515],[-72.26724,-50.96494],[-72.25708,-50.91735],[-72.24572,-50.89838],[-72.25668,-50.8884],[-72.24831,-50.87742],[-72.26704,-50.86278],[-72.26166,-50.83649],[-72.30131,-50.78691],[-72.32901,-50.76361],[-72.34953,-50.75429],[-72.34714,-50.73033],[-72.33698,-50.71935],[-72.31865,-50.71669],[-72.30111,-50.70671],[-72.29832,-50.68208],[-72.28577,-50.66012],[-72.29693,-50.65247],[-72.33797,-50.65047],[-72.34495,-50.62485],[-72.35949,-50.61719],[-72.40572,-50.63649],[-72.41608,-50.61985],[-72.45534,-50.61653],[-72.49041,-50.60022],[-72.50495,-50.61453],[-72.54042,-50.61852],[-72.56174,-50.64681],[-72.57389,-50.64714],[-72.58127,-50.66744],[-72.57469,-50.67809],[-72.59601,-50.68142],[-72.61235,-50.67509],[-72.62769,-50.65646],[-72.64224,-50.6538],[-72.65579,-50.66411],[-72.66814,-50.65945],[-72.68089,-50.64248],[-72.69843,-50.64548],[-72.73728,-50.62485],[-72.76697,-50.62684],[-72.78989,-50.6325],[-72.82974,-50.65247],[-72.84608,-50.65114],[-72.87477,-50.67044],[-72.89151,-50.6701],[-72.90546,-50.69706],[-72.93853,-50.70638],[-72.94411,-50.72401],[-72.95527,-50.73766],[-72.98197,-50.74464],[-73.00628,-50.76195],[-73.04195,-50.76128],[-73.07064,-50.7889],[-73.09355,-50.7736],[-73.13022,-50.78325],[-73.15692,-50.79423],[-73.16569,-50.80321],[-73.19159,-50.81053],[-73.20992,-50.82218],[-73.22287,-50.81752],[-73.25714,-50.82484],[-73.26731,-50.8092],[-73.28185,-50.80055],[-73.28444,-50.78657],[-73.26272,-50.76228],[-73.25774,-50.74864],[-73.28484,-50.73865],[-73.22546,-50.71935],[-73.16927,-50.68574],[-73.17425,-50.67543],[-73.23642,-50.66644],[-73.27289,-50.64381],[-73.26691,-50.63516],[-73.28863,-50.58591],[-73.29998,-50.57426],[-73.33007,-50.56961],[-73.33107,-50.56195],[-73.35319,-50.54731],[-73.35976,-50.53666],[-73.38646,-50.51636],[-73.36474,-50.50638],[-73.36315,-50.48941],[-73.39742,-50.48508],[-73.42771,-50.48508],[-73.40798,-50.46778],[-73.4036,-50.4518],[-73.42153,-50.44315],[-73.41934,-50.42951],[-73.43907,-50.42186],[-73.457,-50.39191],[-73.48669,-50.38092],[-73.47453,-50.36562],[-73.46995,-50.34432],[-73.48629,-50.31903],[-73.50841,-50.30672],[-73.51438,-50.29108],[-73.54148,-50.28708],[-73.56539,-50.27078],[-73.5648,-50.2558],[-73.55005,-50.22818],[-73.56001,-50.21687],[-73.55344,-50.18126],[-73.52216,-50.15763],[-73.52216,-50.14333],[-73.53889,-50.12669],[-73.53491,-50.11204],[-73.5098,-50.09907],[-73.48948,-50.08176],[-73.49187,-50.0608],[-73.4833,-50.05181],[-73.49924,-50.04416],[-73.53052,-50.04316],[-73.56659,-50.02053],[-73.5369,-49.98726],[-73.51179,-49.97461],[-73.50681,-49.96296],[-73.54746,-49.94599],[-73.55145,-49.92004],[-73.52196,-49.9004],[-73.49047,-49.85248],[-73.49765,-49.84416],[-73.49645,-49.81455],[-73.44524,-49.79391],[-73.46616,-49.77362],[-73.43887,-49.75798],[-73.45919,-49.74533],[-73.47453,-49.72037],[-73.50442,-49.70939],[-73.49864,-49.69175],[-73.50602,-49.66613],[-73.46417,-49.6425],[-73.46098,-49.62453],[-73.47453,-49.60091],[-73.49227,-49.57928],[-73.5361,-49.56397],[-73.54965,-49.53801],[-73.54029,-49.5267],[-73.54487,-49.50474],[-73.51359,-49.49708],[-73.48788,-49.50041],[-73.46377,-49.48244],[-73.47971,-49.46114],[-73.47394,-49.44118],[-73.48948,-49.43419],[-73.46776,-49.40557],[-73.4574,-49.39891],[-73.42771,-49.39359],[-73.4305,-49.36065],[-73.42751,-49.34101],[-73.41057,-49.31938],[-73.43229,-49.31406],[-73.43847,-49.29742],[-73.456,-49.29642],[-73.47095,-49.27878],[-73.49665,-49.26847],[-73.49506,-49.24185],[-73.47593,-49.21822],[-73.47075,-49.20125],[-73.14377,-49.27113],[-73.06865,-49.26747],[-73.09037,-49.25349],[-73.10352,-49.26714],[-73.13181,-49.2678],[-73.14516,-49.24717],[-73.14636,-49.22121],[-73.13879,-49.20557],[-73.14536,-49.19027],[-73.14058,-49.18028],[-73.11687,-49.16864],[-73.11009,-49.152],[-73.08638,-49.14667],[-73.0826,-49.13436],[-73.06048,-49.12538],[-73.04494,-49.08079],[-73.02979,-49.06781],[-73.00489,-49.06348],[-73.00329,-49.05217],[-73.01405,-49.03752],[-73.00767,-49.0302],[-72.98356,-49.02621],[-72.99313,-48.99926],[-72.98616,-48.98827],[-72.95965,-48.98095],[-72.95148,-48.95134],[-72.9198,-48.9357],[-72.89171,-48.94635],[-72.8662,-48.94668],[-72.85066,-48.96598],[-72.82097,-48.96132],[-72.79308,-48.96298],[-72.76638,-48.94568],[-72.75841,-48.92039],[-72.73908,-48.90641],[-72.71058,-48.90442],[-72.69444,-48.89543],[-72.69106,-48.86748],[-72.64184,-48.86914],[-72.61514,-48.85151],[-72.59521,-48.8322],[-72.56692,-48.82389],[-72.53225,-48.7976],[-72.53026,-48.77064],[-72.54241,-48.74136],[-72.53683,-48.71374],[-72.53982,-48.6798],[-72.53524,-48.66848],[-72.54281,-48.64619],[-72.54859,-48.60925],[-72.56333,-48.58296],[-72.55795,-48.56366],[-72.56772,-48.52472],[-72.57748,-48.51274],[-72.58585,-48.48745],[-72.56533,-48.48313],[-72.53743,-48.48213],[-72.52846,-48.49877],[-72.50376,-48.5164],[-72.44079,-48.51341],[-72.42605,-48.49544],[-72.41409,-48.49577],[-72.39895,-48.48379],[-72.37444,-48.44885],[-72.40771,-48.43354],[-72.40453,-48.41424],[-72.38022,-48.39894],[-72.35969,-48.39827],[-72.34634,-48.38529],[-72.37703,-48.37165],[-72.38161,-48.35135],[-72.35053,-48.34835],[-72.28577,-48.35634],[-72.24114,-48.34835],[-72.23476,-48.32473],[-72.24153,-48.30177],[-72.2505,-48.3011],[-72.26525,-48.27781],[-72.31665,-48.23388],[-72.32403,-48.21458],[-72.30928,-48.20526],[-72.3041,-48.16367],[-72.30609,-48.14004],[-72.32223,-48.13338],[-72.32323,-48.12107],[-72.35511,-48.10111],[-72.35949,-48.0828],[-72.384,-48.07116],[-72.39476,-48.07681],[-72.42166,-48.07615],[-72.44378,-48.0645],[-72.44119,-48.05052],[-72.42943,-48.04287],[-72.43143,-48.02823],[-72.42047,-47.98663],[-72.42724,-47.96567],[-72.50356,-47.95801],[-72.52169,-47.94703],[-72.52806,-47.93505],[-72.52169,-47.91043],[-72.50017,-47.88613],[-72.49798,-47.87515],[-72.48044,-47.87049],[-72.47427,-47.85053],[-72.47068,-47.81292],[-72.49519,-47.79795],[-72.50495,-47.76268],[-72.52229,-47.75436],[-72.50834,-47.74604],[-72.49857,-47.75536],[-72.47327,-47.75835],[-72.4661,-47.73805],[-72.45095,-47.74238],[-72.43561,-47.73306],[-72.45095,-47.71742],[-72.45055,-47.70577],[-72.41788,-47.69479],[-72.40971,-47.67815],[-72.42086,-47.66151],[-72.37922,-47.63589],[-72.35929,-47.63922],[-72.34315,-47.6279],[-72.33518,-47.61093],[-72.31566,-47.59562],[-72.32701,-47.57133],[-72.30968,-47.55236],[-72.29115,-47.51177],[-72.29454,-47.49879],[-72.33897,-47.4695],[-72.34256,-47.45752],[-72.29334,-47.44621],[-72.26923,-47.41693],[-72.23117,-47.40328],[-72.1981,-47.41626],[-72.17717,-47.39796],[-72.16143,-47.39463],[-72.16064,-47.37832],[-72.1433,-47.36368],[-72.14509,-47.35204],[-72.13035,-47.32974],[-72.11022,-47.32874],[-72.05503,-47.34139],[-72.0363,-47.31909],[-71.99784,-47.29646],[-72.00043,-47.27883],[-72.01657,-47.24721],[-72.00163,-47.23024],[-71.99685,-47.20661],[-71.97533,-47.2136],[-71.94962,-47.2156],[-71.89204,-47.22725],[-71.8741,-47.22225],[-71.89443,-47.21127],[-71.88885,-47.17966],[-71.85059,-47.16402],[-71.86016,-47.1557],[-71.85896,-47.1344],[-71.8767,-47.11976],[-71.87689,-47.11111],[-71.89562,-47.10179],[-71.94982,-47.08682],[-71.95241,-47.07184],[-71.93029,-47.05886],[-71.90459,-47.05154],[-71.88546,-47.02592],[-71.88008,-47.00995],[-71.89662,-46.9963],[-71.91515,-46.9983],[-71.92093,-46.98665],[-71.93667,-46.976],[-71.95859,-46.97035],[-71.95181,-46.95737],[-71.95879,-46.94938],[-71.97114,-46.90612],[-71.95879,-46.89913],[-71.94365,-46.8775],[-71.93169,-46.86918],[-71.93209,-46.84123],[-71.9556,-46.81494],[-71.91416,-46.79897],[-71.85777,-46.80196],[-71.83286,-46.79764],[-71.81672,-46.78233],[-71.77089,-46.76669],[-71.75674,-46.75637],[-71.741,-46.73341],[-71.69876,-46.71311],[-71.69099,-46.70147],[-71.64337,-46.68483],[-71.65034,-46.65322],[-71.64675,-46.63391],[-71.6609,-46.61927],[-71.66688,-46.59864],[-71.6601,-46.58067],[-71.66588,-46.55172],[-71.67584,-46.54274],[-71.66927,-46.52776],[-71.75654,-46.34573],[-71.73881,-46.3281],[-71.72406,-46.29615],[-71.72725,-46.27153],[-71.73582,-46.26853],[-71.75714,-46.21995],[-71.77248,-46.21662],[-71.77766,-46.19865],[-71.79301,-46.191],[-71.8219,-46.20264],[-71.83525,-46.19199],[-71.85936,-46.19466],[-71.86075,-46.17968],[-71.8757,-46.16071],[-71.90678,-46.15838],[-71.90838,-46.14407],[-71.87729,-46.12311],[-71.84481,-46.12045],[-71.82469,-46.11046],[-71.80974,-46.11745],[-71.78563,-46.12078],[-71.75774,-46.1088],[-71.75913,-46.09948],[-71.7408,-46.0895],[-71.72765,-46.09516],[-71.71151,-46.08784],[-71.70952,-46.07086],[-71.67704,-46.0499],[-71.66688,-46.02694],[-71.65054,-46.01696],[-71.64456,-45.99965],[-71.28311,-45.99965],[-71.05118,-45.99965],[-70.78736,-45.99965],[-70.39283,-45.99965],[-70.1053,-45.99965],[-69.89569,-45.99965],[-69.65618,-45.99965],[-69.64801,-45.99965],[-69.27062,-45.99965],[-69.00401,-45.99965],[-68.63858,-45.99965],[-68.36321,-45.99965],[-68.18029,-45.99965],[-67.93719,-45.99965],[-67.59567,-45.99965],[-67.59228,-46.02328],[-67.60523,-46.04458],[-67.62436,-46.04923],[-67.62715,-46.08318],[-67.62775,-46.15805],[-67.62038,-46.20464],[-67.61061,-46.24191],[-67.59607,-46.28517],[-67.56757,-46.34873],[-67.53928,-46.39665],[-67.49305,-46.46354],[-67.49445,-46.47119],[-67.46635,-46.50513],[-67.44364,-46.54407],[-67.42909,-46.5607],[-67.40458,-46.57867],[-67.39442,-46.59398],[-67.35596,-46.61827],[-67.32886,-46.62892],[-67.28602,-46.63724],[-67.24996,-46.64889],[-67.238,-46.66786],[-67.22027,-46.67717],[-67.20034,-46.67385],[-67.18719,-46.68316],[-67.16348,-46.68716],[-67.14874,-46.70213],[-67.12164,-46.70746],[-67.12522,-46.7231],[-67.11666,-46.73208],[-67.09633,-46.73441],[-67.09653,-46.75105],[-67.08159,-46.75038],[-67.08199,-46.76835],[-67.05369,-46.78799],[-67.02659,-46.81528],[-67.00268,-46.81727],[-66.98535,-46.82859],[-66.98634,-46.83923],[-66.97359,-46.84922],[-66.95068,-46.85055],[-66.93812,-46.8602],[-66.93892,-46.87018],[-66.92497,-46.87983],[-66.89927,-46.91211],[-66.87815,-46.93108],[-66.85882,-46.93274],[-66.85722,-46.94539],[-66.84228,-46.96003],[-66.80721,-46.98366],[-66.79087,-46.99963],[-66.7576,-47.0166],[-66.70798,-47.03357],[-66.65697,-47.03124],[-66.63047,-47.04589],[-66.60576,-47.0389],[-66.54419,-47.04622],[-66.53503,-47.03956],[-66.50195,-47.0379],[-66.45572,-47.04522],[-66.3824,-47.06352],[-66.30927,-47.07351],[-66.29592,-47.07118],[-66.26324,-47.07816],[-66.24431,-47.07883],[-66.19769,-47.08748],[-66.16102,-47.08183],[-66.09746,-47.08449],[-66.06897,-47.07384],[-66.04007,-47.07151],[-65.99684,-47.07151],[-65.9522,-47.0775],[-65.89262,-47.09747],[-65.8709,-47.09148],[-65.86473,-47.10645],[-65.85257,-47.11544],[-65.84699,-47.1334],[-65.83165,-47.14672],[-65.80933,-47.15736],[-65.79877,-47.16835],[-65.74438,-47.20162],[-65.75633,-47.21627],[-65.75653,-47.22991],[-65.74577,-47.24755],[-65.74298,-47.26418],[-65.73282,-47.28382],[-65.71847,-47.32841],[-65.71847,-47.34571],[-65.72624,-47.38332],[-65.72565,-47.4126],[-65.73162,-47.4532],[-65.7384,-47.47716],[-65.74039,-47.5121],[-65.75115,-47.53173],[-65.75872,-47.56235],[-65.77984,-47.60195],[-65.79479,-47.64454],[-65.81212,-47.67349],[-65.85237,-47.75003],[-65.89741,-47.75768],[-65.91813,-47.75136],[-65.98269,-47.74171],[-66.00142,-47.74537],[-66.03449,-47.74404],[-66.05183,-47.75569],[-66.07036,-47.77765],[-66.12336,-47.80793],[-66.15046,-47.80693],[-66.1951,-47.81991],[-66.1949,-47.83156],[-66.13791,-47.81625],[-66.08271,-47.81093],[-66.03629,-47.7863],[-66.0317,-47.78131],[-65.9518,-47.75902],[-65.94025,-47.767],[-65.90777,-47.76201],[-65.88645,-47.77033],[-65.88386,-47.78863],[-65.87389,-47.80261],[-65.86772,-47.82258],[-65.86094,-47.8665],[-65.8446,-47.89346],[-65.82328,-47.90377],[-65.792,-47.90277],[-65.76171,-47.91675],[-65.78503,-47.92341],[-65.7906,-47.93172],[-65.78443,-47.94603],[-65.83105,-47.96533],[-65.84241,-47.96001],[-65.83882,-47.94204],[-65.87888,-47.93405],[-65.91036,-47.93339],[-65.93666,-47.94903],[-65.95121,-47.97865],[-65.92729,-47.99129],[-65.9532,-48.01458],[-65.94682,-48.02823],[-65.96794,-48.04986],[-65.95539,-48.06583],[-65.94025,-48.07515],[-65.90418,-48.08047],[-65.90498,-48.09478],[-65.91693,-48.11009],[-65.94363,-48.11375],[-65.95419,-48.10244],[-65.98129,-48.10044],[-66.01636,-48.10909],[-66.03728,-48.10443],[-66.061,-48.11442],[-66.07733,-48.10976],[-66.11798,-48.12207],[-66.13771,-48.13838],[-66.1415,-48.16067],[-66.16441,-48.17431],[-66.15584,-48.18629],[-66.17118,-48.19495],[-66.22478,-48.19994],[-66.25726,-48.2219],[-66.26284,-48.23821],[-66.29413,-48.25085],[-66.33916,-48.27914],[-66.34334,-48.29411],[-66.36008,-48.31474],[-66.3545,-48.33405],[-66.34035,-48.35701],[-66.36167,-48.35701],[-66.39475,-48.34969],[-66.43739,-48.35035],[-66.46967,-48.36167],[-66.47764,-48.37098],[-66.46748,-48.38163],[-66.49438,-48.41757],[-66.53104,-48.41657],[-66.5418,-48.42356],[-66.5685,-48.42256],[-66.61314,-48.42656],[-66.66136,-48.43554],[-66.68307,-48.45284],[-66.71794,-48.45883],[-66.75401,-48.47348],[-66.77154,-48.49843],[-66.79466,-48.50409],[-66.83112,-48.52306],[-66.84208,-48.53537],[-66.83889,-48.54469],[-66.85443,-48.55301],[-66.87336,-48.57431],[-66.86998,-48.58263],[-66.87376,-48.59228],[-66.92079,-48.60625],[-66.96283,-48.60659],[-66.99053,-48.61357],[-67.01404,-48.62356],[-67.0234,-48.6372],[-67.06007,-48.65018],[-67.08159,-48.66415],[-67.12961,-48.68512],[-67.14097,-48.69776],[-67.13977,-48.71141],[-67.14814,-48.72738],[-67.15212,-48.74901],[-67.1852,-48.77131],[-67.19417,-48.78562],[-67.19337,-48.81357],[-67.21051,-48.82455],[-67.21987,-48.83786],[-67.24378,-48.8525],[-67.2924,-48.86149],[-67.33365,-48.87513],[-67.41315,-48.91274],[-67.46775,-48.94468],[-67.49265,-48.96232],[-67.49744,-48.9733],[-67.53191,-49.00192],[-67.54705,-49.01057],[-67.57315,-49.03852],[-67.59268,-49.08977],[-67.60145,-49.10674],[-67.61978,-49.11573],[-67.63432,-49.13469],[-67.63652,-49.15067],[-67.61759,-49.16464],[-67.61002,-49.17729],[-67.6152,-49.18627],[-67.63592,-49.19692],[-67.66461,-49.20358],[-67.67477,-49.22255],[-67.6672,-49.23985],[-67.68892,-49.26181],[-67.70526,-49.26947],[-67.72598,-49.27013],[-67.74212,-49.27645],[-67.73355,-49.29343],[-67.72001,-49.30141],[-67.73336,-49.31206],[-67.76085,-49.31406],[-67.78197,-49.32038],[-67.79871,-49.33136],[-67.80469,-49.34268],[-67.78158,-49.38028],[-67.81923,-49.38427],[-67.83318,-49.38993],[-67.81864,-49.40557],[-67.79253,-49.39492],[-67.71383,-49.38594],[-67.69291,-49.36897],[-67.68314,-49.34168],[-67.69908,-49.30873],[-67.67278,-49.29842],[-67.668,-49.25516],[-67.64608,-49.25782],[-67.61281,-49.25017],[-67.60444,-49.27512],[-67.60364,-49.29576],[-67.62157,-49.3267],[-67.63114,-49.35466],[-67.6666,-49.4049],[-67.67597,-49.44184]]],[[[-67.69111,-49.26913],[-67.70367,-49.28444],[-67.72459,-49.28244],[-67.7224,-49.2708],[-67.69111,-49.26913]]],[[[-65.99026,-47.76168],[-66.00839,-47.77366],[-66.02214,-47.77233],[-66.04645,-47.7883],[-66.05223,-47.77765],[-66.03768,-47.76734],[-65.99026,-47.76168]]]]}},{"type":"Feature","properties":{"provincia":"Santa Fe","indec":"82","source_name":"Santa Fe"},"geometry":{"type":"MultiPolygon","coordinates":[[[[-59.58098,-29.47421],[-59.58456,-29.50249],[-59.58954,-29.51713],[-59.59253,-29.5544],[-59.59014,-29.56971],[-59.5999,-29.58369],[-59.60867,-29.65157],[-59.61405,-29.66888],[-59.61047,-29.7148],[-59.61764,-29.7757],[-59.63537,-29.79633],[-59.65849,-29.82994],[-59.6557,-29.85357],[-59.61963,-29.87852],[-59.60469,-29.90282],[-59.59253,-29.93975],[-59.59154,-29.96871],[-59.57998,-29.989],[-59.56643,-30.00431],[-59.56942,-30.01895],[-59.57978,-30.04558],[-59.59731,-30.07952],[-59.61206,-30.10248],[-59.61883,-30.13243],[-59.63139,-30.16804],[-59.62581,-30.21163],[-59.63916,-30.24191],[-59.66347,-30.25689],[-59.7073,-30.26687],[-59.7085,-30.29316],[-59.69336,-30.31312],[-59.67223,-30.32045],[-59.67164,-30.33875],[-59.68439,-30.35605],[-59.6826,-30.38301],[-59.69893,-30.41529],[-59.70352,-30.44257],[-59.67981,-30.46054],[-59.6539,-30.48783],[-59.65032,-30.50114],[-59.64912,-30.5424],[-59.64593,-30.56636],[-59.64593,-30.59698],[-59.65091,-30.60896],[-59.67343,-30.63625],[-59.67642,-30.65954],[-59.66307,-30.68217],[-59.63617,-30.70213],[-59.63338,-30.71378],[-59.63995,-30.72776],[-59.66526,-30.74906],[-59.69933,-30.76902],[-59.70491,-30.81727],[-59.71607,-30.84622],[-59.7348,-30.87651],[-59.75413,-30.89614],[-59.81151,-30.93574],[-59.81809,-30.9424],[-59.82606,-30.97168],[-59.83961,-30.98665],[-59.87787,-31.0562],[-59.90277,-31.08482],[-59.92549,-31.10512],[-59.94781,-31.10945],[-59.96335,-31.11976],[-59.98327,-31.1557],[-59.98387,-31.18732],[-59.98865,-31.20662],[-60.00141,-31.2369],[-60.02552,-31.25919],[-60.10562,-31.28981],[-60.10562,-31.31077],[-60.08689,-31.33973],[-60.09605,-31.37067],[-60.11737,-31.38864],[-60.13849,-31.41327],[-60.13949,-31.43723],[-60.14906,-31.44821],[-60.18133,-31.46085],[-60.20704,-31.46518],[-60.2188,-31.47583],[-60.21959,-31.49313],[-60.23015,-31.51842],[-60.2441,-31.5304],[-60.25785,-31.53573],[-60.28276,-31.5324],[-60.30208,-31.5344],[-60.3256,-31.54205],[-60.33994,-31.55536],[-60.33735,-31.56734],[-60.32679,-31.57866],[-60.32759,-31.60228],[-60.33476,-31.6126],[-60.35728,-31.62657],[-60.39633,-31.64288],[-60.44376,-31.67549],[-60.46767,-31.69845],[-60.49098,-31.70045],[-60.53741,-31.69978],[-60.59101,-31.71077],[-60.63883,-31.74205],[-60.64361,-31.76334],[-60.63644,-31.77466],[-60.64102,-31.79163],[-60.66553,-31.79762],[-60.6743,-31.8096],[-60.6735,-31.83023],[-60.66254,-31.84454],[-60.65915,-31.87815],[-60.65298,-31.89712],[-60.66015,-31.91842],[-60.6719,-31.93006],[-60.71973,-31.95868],[-60.72271,-31.97232],[-60.72072,-31.9853],[-60.70438,-32.00061],[-60.68446,-32.01192],[-60.66373,-32.03855],[-60.65596,-32.06716],[-60.65855,-32.08014],[-60.68027,-32.10277],[-60.69462,-32.12873],[-60.7004,-32.14969],[-60.7002,-32.16899],[-60.69044,-32.19728],[-60.6737,-32.2239],[-60.6735,-32.24486],[-60.68286,-32.28646],[-60.67888,-32.31508],[-60.68227,-32.32406],[-60.71215,-32.32573],[-60.72152,-32.34203],[-60.72012,-32.35934],[-60.71156,-32.39295],[-60.72391,-32.45617],[-60.74802,-32.48246],[-60.76914,-32.49677],[-60.77472,-32.51441],[-60.75519,-32.53704],[-60.74742,-32.55434],[-60.74384,-32.58596],[-60.7524,-32.61457],[-60.74224,-32.6402],[-60.7259,-32.66349],[-60.71993,-32.69344],[-60.72212,-32.74702],[-60.71594,-32.77364],[-60.69422,-32.80558],[-60.65895,-32.83387],[-60.66493,-32.85517],[-60.67928,-32.86715],[-60.68187,-32.87913],[-60.67629,-32.89976],[-60.65019,-32.92671],[-60.62568,-32.94136],[-60.61691,-32.954],[-60.61053,-32.99127],[-60.58583,-33.02488],[-60.5647,-33.04219],[-60.53482,-33.07779],[-60.5131,-33.11307],[-60.49337,-33.13137],[-60.44057,-33.15699],[-60.42423,-33.17396],[-60.39793,-33.18694],[-60.38258,-33.18927],[-60.36047,-33.18029],[-60.34293,-33.17796],[-60.32938,-33.17696],[-60.30308,-33.18361],[-60.29431,-33.19193],[-60.28455,-33.2099],[-60.2987,-33.22654],[-60.2979,-33.24218],[-60.25944,-33.26181],[-60.2712,-33.28777],[-60.29073,-33.32304],[-60.30986,-33.33502],[-60.3238,-33.35166],[-60.32181,-33.37329],[-60.33337,-33.4079],[-60.34712,-33.42421],[-60.38916,-33.44783],[-60.40948,-33.4668],[-60.42124,-33.50474],[-60.42403,-33.52803],[-60.41407,-33.54467],[-60.42522,-33.56497],[-60.43658,-33.5653],[-60.4585,-33.58793],[-60.45691,-33.59858],[-60.46049,-33.6089],[-60.4577,-33.6282],[-60.47643,-33.63751],[-60.52306,-33.6485],[-60.55594,-33.64683],[-60.58284,-33.63419],[-60.62548,-33.62553],[-60.65636,-33.6039],[-60.66473,-33.59226],[-60.68466,-33.58527],[-60.75559,-33.5876],[-60.78209,-33.57762],[-60.82434,-33.54367],[-60.86259,-33.54667],[-60.87993,-33.55565],[-60.91101,-33.58094],[-60.91858,-33.59159],[-60.92277,-33.61821],[-60.92078,-33.63618],[-60.93213,-33.65282],[-61.12601,-33.83318],[-61.33244,-34.02519],[-61.5048,-34.18559],[-61.64866,-34.31936],[-61.7176,-34.38359],[-61.81384,-34.38359],[-62.06491,-34.38359],[-62.26815,-34.38359],[-62.53256,-34.38359],[-62.87967,-34.38359],[-62.70591,-34.15631],[-62.54312,-33.94333],[-62.39388,-33.74666],[-62.27253,-33.58693],[-62.13823,-33.40757],[-62.05435,-33.29676],[-61.92025,-33.12005],[-61.90411,-33.11739],[-61.88079,-33.09743],[-61.87183,-33.08045],[-61.84274,-33.0535],[-61.83018,-33.04618],[-61.82261,-33.0322],[-61.79551,-33.01457],[-61.78774,-33.00625],[-61.79073,-32.95866],[-61.77579,-32.92538],[-61.771,-32.90109],[-61.79193,-32.87713],[-61.77798,-32.83121],[-61.79252,-32.7936],[-61.79571,-32.77397],[-61.81006,-32.75933],[-61.82361,-32.75767],[-61.83975,-32.73171],[-61.85848,-32.69411],[-61.88558,-32.69178],[-61.90749,-32.6961],[-61.92941,-32.69011],[-61.94635,-32.67847],[-61.94615,-32.65051],[-61.92423,-32.6372],[-61.88896,-32.61058],[-61.89155,-32.58995],[-61.90869,-32.59594],[-61.92104,-32.59394],[-61.92642,-32.58429],[-61.90251,-32.56632],[-61.9055,-32.55235],[-61.92443,-32.55135],[-61.92941,-32.53637],[-61.91267,-32.52705],[-61.92064,-32.50542],[-61.91327,-32.49943],[-61.92822,-32.46449],[-61.94436,-32.43721],[-61.98421,-32.39261],[-62.01171,-32.34536],[-62.02585,-32.30443],[-62.03542,-32.26649],[-62.04139,-32.25851],[-62.12807,-32.20859],[-62.17848,-32.15967],[-62.19681,-32.11442],[-62.18207,-32.06384],[-62.18207,-32.04853],[-62.16752,-31.9863],[-62.18864,-31.92241],[-62.22332,-31.88347],[-62.22551,-31.83788],[-62.21774,-31.7883],[-62.21794,-31.74072],[-62.24105,-31.70012],[-62.12707,-31.61659],[-62.12588,-31.61559],[-62.02525,-31.30811],[-61.93977,-31.04622],[-61.84333,-30.75072],[-61.84154,-30.74506],[-61.98261,-30.61561],[-62.13066,-30.47984],[-62.08523,-30.21196],[-62.03701,-29.92611],[-61.99278,-29.66522],[-61.99218,-29.66156],[-61.95073,-29.41564],[-61.89614,-29.09352],[-61.85788,-28.86657],[-61.80348,-28.54478],[-61.7718,-28.35709],[-61.72856,-28.10219],[-61.71123,-27.99936],[-61.49264,-27.99936],[-61.31132,-27.99936],[-61.10628,-27.99936],[-60.90902,-27.99936],[-60.64441,-27.99936],[-60.21561,-27.99936],[-59.81112,-27.99936],[-59.69176,-27.99936],[-59.40125,-27.99936],[-59.22949,-27.99936],[-58.88398,-27.99936],[-58.89374,-28.0353],[-58.89234,-28.04562],[-58.88079,-28.06692],[-58.92682,-28.10951],[-58.94515,-28.1338],[-58.96328,-28.13946],[-59.00751,-28.13846],[-59.05334,-28.12681],[-59.07227,-28.13646],[-59.08004,-28.15044],[-59.08921,-28.18172],[-59.08762,-28.20169],[-59.10495,-28.21766],[-59.10973,-28.24528],[-59.10236,-28.26957],[-59.10356,-28.32881],[-59.08104,-28.34711],[-59.07626,-28.36541],[-59.07785,-28.39869],[-59.08542,-28.41999],[-59.08602,-28.43596],[-59.06948,-28.45093],[-59.05573,-28.47123],[-59.04876,-28.4892],[-59.05434,-28.50784],[-59.08423,-28.53912],[-59.08821,-28.55775],[-59.09937,-28.57439],[-59.09877,-28.59602],[-59.10575,-28.61466],[-59.10495,-28.63396],[-59.09618,-28.64793],[-59.07805,-28.66491],[-59.09379,-28.68887],[-59.10216,-28.71582],[-59.1181,-28.74311],[-59.14261,-28.77439],[-59.15536,-28.78504],[-59.16194,-28.807],[-59.15815,-28.84261],[-59.15815,-28.87721],[-59.16971,-28.90883],[-59.19521,-28.93811],[-59.20956,-28.96906],[-59.20876,-28.99834],[-59.2002,-29.01232],[-59.1998,-29.03162],[-59.21255,-29.05258],[-59.23447,-29.07155],[-59.24881,-29.08353],[-59.27532,-29.09951],[-59.30241,-29.10583],[-59.3325,-29.10849],[-59.34685,-29.11448],[-59.35821,-29.12779],[-59.36398,-29.14876],[-59.39686,-29.19035],[-59.40204,-29.21697],[-59.40782,-29.2213],[-59.43333,-29.22163],[-59.49011,-29.23827],[-59.50864,-29.25092],[-59.51203,-29.27787],[-59.51203,-29.31681],[-59.51622,-29.33777],[-59.53216,-29.35374],[-59.56105,-29.37038],[-59.59393,-29.38236],[-59.60429,-29.39467],[-59.60528,-29.40865],[-59.58695,-29.43793],[-59.57998,-29.4599],[-59.58098,-29.47421]]]]}},{"type":"Feature","properties":{"provincia":"Santiago del Estero","indec":"86","source_name":"Santiago Del Estero"},"geometry":{"type":"MultiPolygon","coordinates":[[[[-61.71123,-27.79704],[-61.71123,-27.99936],[-61.72856,-28.10219],[-61.7718,-28.35709],[-61.80348,-28.54478],[-61.85788,-28.86657],[-61.89614,-29.09352],[-61.95073,-29.41564],[-61.99218,-29.66156],[-61.99278,-29.66522],[-62.03701,-29.92611],[-62.08523,-30.21196],[-62.13066,-30.47984],[-62.15756,-30.39632],[-62.1737,-30.3454],[-62.52001,-30.34174],[-62.52399,-30.32644],[-62.53455,-30.31213],[-62.58935,-30.26887],[-62.59353,-30.25955],[-62.58975,-30.23592],[-62.59891,-30.21695],[-62.59971,-30.20165],[-62.59254,-30.17802],[-62.59612,-30.16404],[-62.58238,-30.1484],[-62.576,-30.1311],[-62.56464,-30.11479],[-62.56484,-30.09283],[-62.55647,-30.06288],[-62.58636,-30.06388],[-62.60848,-30.05656],[-62.62263,-30.0529],[-62.6555,-30.05523],[-62.67463,-30.03426],[-62.65491,-30.00731],[-62.66387,-29.99832],[-62.69117,-29.99566],[-62.69954,-29.98867],[-62.72385,-29.99067],[-62.74258,-29.97902],[-62.75354,-29.96638],[-62.77107,-29.96737],[-62.79199,-29.96005],[-62.78562,-29.94574],[-62.79897,-29.92378],[-62.80056,-29.90814],[-62.8175,-29.90448],[-62.82706,-29.88418],[-62.83703,-29.87287],[-62.83463,-29.85257],[-62.82328,-29.83793],[-62.80574,-29.83427],[-62.80873,-29.81563],[-63.06278,-29.79267],[-63.27041,-29.77403],[-63.4591,-29.75706],[-63.4593,-29.72578],[-63.48062,-29.72578],[-63.46528,-29.66488],[-63.51569,-29.66355],[-63.53004,-29.65723],[-63.55375,-29.66355],[-63.58503,-29.65756],[-63.6488,-29.66222],[-63.66932,-29.66023],[-63.71017,-29.66222],[-63.72372,-29.65923],[-63.73687,-29.6366],[-63.76377,-29.61697],[-63.81637,-29.61464],[-63.81478,-29.60865],[-63.78489,-29.599],[-63.78409,-29.58402],[-63.81159,-29.57903],[-63.84168,-29.58169],[-63.86818,-29.61697],[-63.86957,-29.62395],[-63.95864,-29.62129],[-63.97697,-29.5554],[-64.14156,-29.53078],[-64.34241,-29.5005],[-64.48926,-29.52279],[-64.58849,-29.5381],[-64.82461,-29.57437],[-64.82919,-29.55074],[-64.83118,-29.51248],[-64.828,-29.48352],[-64.81664,-29.45258],[-64.79651,-29.43461],[-64.78795,-29.40066],[-64.81445,-29.37737],[-64.81664,-29.36606],[-64.83497,-29.34742],[-64.84254,-29.33378],[-64.83836,-29.29817],[-64.82481,-29.27388],[-64.79074,-29.27255],[-64.78117,-29.26556],[-64.81644,-29.24559],[-64.83756,-29.22862],[-64.8545,-29.19734],[-64.8525,-29.15475],[-64.85669,-29.14876],[-64.8531,-29.12247],[-64.85609,-29.10516],[-64.8543,-29.07022],[-64.86366,-29.05991],[-64.85988,-29.03495],[-64.86366,-29.01598],[-64.9065,-28.93245],[-64.90172,-28.91448],[-64.91188,-28.88653],[-64.89933,-28.85259],[-64.90112,-28.84127],[-64.93858,-28.80567],[-64.97724,-28.78936],[-65.00075,-28.76607],[-65.01669,-28.73778],[-65.12708,-28.71615],[-65.13864,-28.65825],[-65.13605,-28.64793],[-65.16115,-28.63962],[-65.17151,-28.61898],[-65.18805,-28.61799],[-65.18467,-28.60068],[-65.12549,-28.61166],[-65.09699,-28.4709],[-65.10476,-28.32215],[-65.10895,-28.24095],[-65.11194,-28.18571],[-65.17072,-27.94645],[-65.17829,-27.91617],[-65.16952,-27.9175],[-65.15916,-27.87724],[-65.14322,-27.88456],[-65.10715,-27.89321],[-65.09181,-27.89254],[-65.03901,-27.87923],[-65.01669,-27.79338],[-65.02805,-27.75278],[-64.98601,-27.7418],[-64.99099,-27.72416],[-65.01849,-27.62666],[-65.02705,-27.58706],[-65.01191,-27.56609],[-64.99697,-27.56942],[-64.97844,-27.56643],[-64.96748,-27.55411],[-64.96508,-27.52283],[-64.96807,-27.50553],[-64.98581,-27.49189],[-65.00135,-27.48889],[-65.00892,-27.48357],[-64.97425,-27.35046],[-64.93759,-27.35778],[-64.9344,-27.34447],[-64.8541,-27.31718],[-64.83238,-27.22034],[-64.8278,-27.22234],[-64.81126,-27.1488],[-64.79851,-27.15046],[-64.78117,-27.07659],[-64.76702,-27.01436],[-64.75367,-27.01669],[-64.74252,-27.00437],[-64.71044,-26.83633],[-64.70725,-26.81935],[-64.67756,-26.82435],[-64.67258,-26.79406],[-64.61798,-26.80272],[-64.58749,-26.65796],[-64.49902,-26.6736],[-64.50241,-26.6157],[-64.5054,-26.60139],[-64.50859,-26.5538],[-64.52074,-26.54715],[-64.52134,-26.52884],[-64.51656,-26.51187],[-64.51875,-26.47926],[-64.52672,-26.46429],[-64.52353,-26.44698],[-64.52911,-26.4187],[-64.53429,-26.41071],[-64.53031,-26.37277],[-64.51895,-26.34915],[-64.50879,-26.34382],[-64.48209,-26.30689],[-64.50221,-26.239],[-64.49524,-26.21937],[-64.4255,-26.11587],[-64.41215,-26.11354],[-64.39641,-26.04599],[-64.40358,-26.03102],[-64.34898,-25.89791],[-64.26809,-25.69991],[-64.19755,-25.70923],[-64.19635,-25.72786],[-64.02539,-25.75349],[-64.00766,-25.67329],[-63.91819,-25.68227],[-63.87435,-25.6846],[-63.66055,-25.68527],[-63.5673,-25.70956],[-63.47604,-25.70989],[-63.42244,-25.649],[-63.10423,-25.64999],[-62.79259,-25.65099],[-62.50247,-25.65199],[-62.24045,-25.65299],[-62.03621,-25.65365],[-61.71123,-25.65465],[-61.71123,-25.84367],[-61.71123,-26.01604],[-61.71123,-26.23434],[-61.71123,-26.48825],[-61.71123,-26.65363],[-61.71123,-26.75579],[-61.71123,-26.80937],[-61.71123,-26.92884],[-61.71123,-27.04431],[-61.71123,-27.43698],[-61.71123,-27.71384],[-61.71123,-27.79704]]]]}},{"type":"Feature","properties":{"provincia":"Tucumán","indec":"90","source_name":"Tucumán"},"geometry":{"type":"MultiPolygon","coordinates":[[[[-65.71907,-26.35281],[-65.7123,-26.34416],[-65.7115,-26.32885],[-65.72306,-26.31288],[-65.70751,-26.2989],[-65.72266,-26.27993],[-65.7117,-26.25298],[-65.70273,-26.24166],[-65.70333,-26.22536],[-65.7117,-26.21338],[-65.69596,-26.18709],[-65.69197,-26.16479],[-65.69994,-26.15647],[-65.68859,-26.11721],[-65.66448,-26.11721],[-65.63997,-26.11088],[-65.63,-26.1232],[-65.60171,-26.12053],[-65.5515,-26.08792],[-65.52101,-26.09524],[-65.50467,-26.08992],[-65.47658,-26.09524],[-65.43832,-26.10955],[-65.42258,-26.10855],[-65.40923,-26.09491],[-65.3889,-26.08459],[-65.37456,-26.06529],[-65.363,-26.05864],[-65.34706,-26.0603],[-65.32195,-26.07195],[-65.31717,-26.08127],[-65.30083,-26.09092],[-65.29167,-26.10356],[-65.29386,-26.12686],[-65.27553,-26.15581],[-65.28051,-26.16346],[-65.27214,-26.17311],[-65.22272,-26.18443],[-65.22531,-26.19042],[-65.19343,-26.19408],[-65.10975,-26.2167],[-65.05077,-26.23101],[-65.0406,-26.23734],[-65.04638,-26.26462],[-65.03343,-26.27061],[-65.03781,-26.29025],[-65.0145,-26.28492],[-64.99378,-26.28392],[-64.97664,-26.27461],[-64.96568,-26.29524],[-64.95094,-26.30689],[-64.94157,-26.30223],[-64.92384,-26.29224],[-64.91228,-26.29191],[-64.89794,-26.2796],[-64.88737,-26.28259],[-64.87343,-26.27494],[-64.84693,-26.23967],[-64.81584,-26.23135],[-64.80588,-26.23234],[-64.78117,-26.22336],[-64.75905,-26.22403],[-64.74511,-26.23867],[-64.72677,-26.241],[-64.71063,-26.23567],[-64.66779,-26.24266],[-64.63352,-26.23467],[-64.62177,-26.22635],[-64.61459,-26.23301],[-64.59028,-26.22036],[-64.55242,-26.22602],[-64.54286,-26.22003],[-64.51915,-26.22436],[-64.49524,-26.21937],[-64.50221,-26.239],[-64.48209,-26.30689],[-64.50879,-26.34382],[-64.51895,-26.34915],[-64.53031,-26.37277],[-64.53429,-26.41071],[-64.52911,-26.4187],[-64.52353,-26.44698],[-64.52672,-26.46429],[-64.51875,-26.47926],[-64.51656,-26.51187],[-64.52134,-26.52884],[-64.52074,-26.54715],[-64.50859,-26.5538],[-64.5054,-26.60139],[-64.50241,-26.6157],[-64.49902,-26.6736],[-64.58749,-26.65796],[-64.61798,-26.80272],[-64.67258,-26.79406],[-64.67756,-26.82435],[-64.70725,-26.81935],[-64.71044,-26.83633],[-64.74252,-27.00437],[-64.75367,-27.01669],[-64.76702,-27.01436],[-64.78117,-27.07659],[-64.79851,-27.15046],[-64.81126,-27.1488],[-64.8278,-27.22234],[-64.83238,-27.22034],[-64.8541,-27.31718],[-64.9344,-27.34447],[-64.93759,-27.35778],[-64.97425,-27.35046],[-65.00892,-27.48357],[-65.00135,-27.48889],[-64.98581,-27.49189],[-64.96807,-27.50553],[-64.96508,-27.52283],[-64.96748,-27.55411],[-64.97844,-27.56643],[-64.99697,-27.56942],[-65.01191,-27.56609],[-65.02705,-27.58706],[-65.01849,-27.62666],[-64.99099,-27.72416],[-64.98601,-27.7418],[-65.02805,-27.75278],[-65.01669,-27.79338],[-65.03901,-27.87923],[-65.09181,-27.89254],[-65.10715,-27.89321],[-65.14322,-27.88456],[-65.15916,-27.87724],[-65.16952,-27.9175],[-65.17829,-27.91617],[-65.17072,-27.94645],[-65.36459,-27.84595],[-65.39408,-27.85694],[-65.40544,-27.87258],[-65.42318,-27.88422],[-65.43613,-27.88655],[-65.47359,-27.90386],[-65.47717,-27.91151],[-65.50049,-27.92449],[-65.49929,-27.93048],[-65.52201,-27.94945],[-65.52798,-27.97241],[-65.54492,-27.97707],[-65.54632,-27.98938],[-65.55947,-27.99737],[-65.56086,-28.00635],[-65.5786,-28.00968],[-65.58896,-27.9987],[-65.60231,-27.99803],[-65.62462,-27.97341],[-65.66627,-27.97307],[-65.66906,-27.95411],[-65.68081,-27.91783],[-65.69895,-27.88955],[-65.70094,-27.86825],[-65.69675,-27.85095],[-65.70592,-27.82299],[-65.71987,-27.81601],[-65.72126,-27.79737],[-65.75314,-27.77008],[-65.793,-27.78273],[-65.79479,-27.80036],[-65.80635,-27.81634],[-65.82627,-27.84629],[-65.83285,-27.83764],[-65.82886,-27.81401],[-65.83404,-27.80735],[-65.8454,-27.7611],[-65.86473,-27.70885],[-65.86552,-27.68889],[-65.87549,-27.67258],[-65.91534,-27.66925],[-65.93287,-27.63598],[-65.93985,-27.61667],[-65.94403,-27.59504],[-65.95579,-27.57075],[-65.95021,-27.56177],[-65.96595,-27.54347],[-65.97073,-27.52516],[-65.96675,-27.51784],[-65.97392,-27.50253],[-65.97253,-27.46759],[-65.97492,-27.44297],[-65.96854,-27.42899],[-65.97452,-27.41502],[-65.96754,-27.39904],[-65.96535,-27.35844],[-65.97173,-27.33382],[-65.99564,-27.31419],[-66.01058,-27.31019],[-66.02752,-27.29888],[-66.05143,-27.29555],[-66.08052,-27.28657],[-66.09268,-27.27691],[-66.11719,-27.26627],[-66.1409,-27.26094],[-66.13412,-27.24763],[-66.12177,-27.22733],[-66.11021,-27.21568],[-66.07793,-27.20903],[-66.08252,-27.19838],[-66.06897,-27.18707],[-66.06379,-27.16211],[-66.05482,-27.14414],[-66.02294,-27.12118],[-66.01816,-27.11253],[-65.99903,-27.10321],[-65.99086,-27.10554],[-65.97771,-27.0879],[-65.97113,-27.0686],[-65.97352,-27.05429],[-65.96515,-27.0483],[-65.96436,-27.03299],[-65.93148,-27.01735],[-65.92172,-27.01835],[-65.91355,-27.0067],[-65.91614,-26.98907],[-65.88983,-26.96977],[-65.87489,-26.93283],[-65.85775,-26.92917],[-65.85755,-26.90122],[-65.88824,-26.88058],[-65.90039,-26.86395],[-65.89003,-26.85596],[-65.89402,-26.84198],[-65.87449,-26.81836],[-65.88147,-26.80604],[-65.86592,-26.79539],[-65.85377,-26.75979],[-65.83085,-26.74814],[-65.83424,-26.73649],[-66.04227,-26.60039],[-66.15325,-26.62535],[-66.17118,-26.63134],[-66.1674,-26.60139],[-66.17617,-26.57776],[-66.1682,-26.56578],[-66.16939,-26.54282],[-66.16501,-26.53417],[-66.17258,-26.51054],[-66.16481,-26.50023],[-66.17796,-26.48259],[-66.17656,-26.46928],[-66.16262,-26.45896],[-66.15285,-26.436],[-66.16122,-26.41936],[-66.15584,-26.3974],[-66.12396,-26.38675],[-66.11918,-26.3771],[-66.1142,-26.34349],[-66.12137,-26.30422],[-66.12217,-26.28592],[-66.11579,-26.26229],[-66.10284,-26.25996],[-66.09686,-26.24366],[-66.09985,-26.22036],[-66.07136,-26.23867],[-66.04705,-26.24133],[-66.0331,-26.24998],[-66.00002,-26.26396],[-65.71907,-26.35281]]]]}},{"type":"Feature","properties":{"provincia":"Tierra del Fuego, Antártida e Islas del Atlántico Sur","indec":"94","source_name":"Tierra Del Fuego, Antártida E Islas Del Atlántico Sur"},"geometry":{"type":"MultiPolygon","coordinates":[[[[-67.507,-54.87734],[-67.47153,-54.88432],[-67.4524,-54.87867],[-67.40817,-54.89863],[-67.4253,-54.91061],[-67.46037,-54.90163],[-67.48269,-54.90762],[-67.48309,-54.91594],[-67.53609,-54.90196],[-67.52473,-54.88366],[-67.507,-54.87734]]],[[[-64.32926,-54.73391],[-64.25972,-54.73624],[-64.24238,-54.74523],[-64.22465,-54.73291],[-64.184,-54.74423],[-64.16666,-54.76186],[-64.13458,-54.76985],[-64.15072,-54.73291],[-64.10828,-54.73957],[-64.11346,-54.75787],[-64.08318,-54.75188],[-64.06943,-54.72759],[-64.03476,-54.74356],[-64.0242,-54.75255],[-63.99291,-54.73657],[-63.96243,-54.73624],[-63.93911,-54.72559],[-63.90663,-54.7236],[-63.8879,-54.71594],[-63.85184,-54.74589],[-63.84287,-54.72825],[-63.82773,-54.72193],[-63.8084,-54.72493],[-63.80143,-54.75088],[-63.84726,-54.7805],[-63.84905,-54.78849],[-63.89787,-54.78948],[-63.91979,-54.80213],[-63.95545,-54.81045],[-63.96203,-54.78915],[-63.95246,-54.76952],[-63.98295,-54.77484],[-64.00248,-54.78948],[-64.023,-54.79115],[-64.0499,-54.8018],[-64.07521,-54.79215],[-64.07521,-54.80812],[-64.08995,-54.81045],[-64.10928,-54.82975],[-64.11805,-54.81511],[-64.14813,-54.83008],[-64.17224,-54.82343],[-64.17862,-54.8384],[-64.20751,-54.83674],[-64.22246,-54.8577],[-64.2384,-54.82908],[-64.23282,-54.79414],[-64.24716,-54.79248],[-64.2635,-54.80413],[-64.2904,-54.78882],[-64.30256,-54.80546],[-64.33404,-54.82975],[-64.35795,-54.83507],[-64.39043,-54.83374],[-64.40258,-54.85171],[-64.42032,-54.86269],[-64.49165,-54.86868],[-64.49165,-54.8414],[-64.52094,-54.85804],[-64.52612,-54.87767],[-64.54206,-54.88665],[-64.56817,-54.89165],[-64.60622,-54.91095],[-64.62097,-54.90296],[-64.66102,-54.91394],[-64.6943,-54.90629],[-64.65285,-54.8973],[-64.64388,-54.88898],[-64.66859,-54.87534],[-64.68373,-54.85804],[-64.68533,-54.84273],[-64.7196,-54.85537],[-64.75128,-54.83507],[-64.74112,-54.81943],[-64.71442,-54.79481],[-64.69728,-54.80612],[-64.67895,-54.80213],[-64.67158,-54.78516],[-64.64687,-54.78117],[-64.6397,-54.79714],[-64.61539,-54.80512],[-64.5865,-54.82076],[-64.56657,-54.81411],[-64.55681,-54.79581],[-64.51138,-54.79814],[-64.52433,-54.77052],[-64.54047,-54.76919],[-64.54087,-54.7419],[-64.51815,-54.7429],[-64.48866,-54.76419],[-64.46754,-54.76652],[-64.44463,-54.7622],[-64.41115,-54.77717],[-64.40318,-54.76652],[-64.41354,-54.75721],[-64.35357,-54.74523],[-64.34639,-54.72792],[-64.32926,-54.73391]]],[[[-64.131,-54.64606],[-64.11366,-54.65405],[-64.13976,-54.66869],[-64.1577,-54.65305],[-64.131,-54.64606]]],[[[-66.94908,-54.1885],[-66.94769,-54.19449],[-66.90246,-54.21645],[-66.86201,-54.22377],[-66.77852,-54.24474],[-66.74624,-54.25539],[-66.73747,-54.27369],[-66.70479,-54.29199],[-66.69901,-54.3053],[-66.66096,-54.34357],[-66.61413,-54.37319],[-66.55117,-54.40447],[-66.55216,-54.42044],[-66.50215,-54.44573],[-66.48701,-54.4647],[-66.45772,-54.48001],[-66.42304,-54.48034],[-66.4093,-54.48633],[-66.38399,-54.48699],[-66.35868,-54.5023],[-66.30548,-54.50829],[-66.2485,-54.52826],[-66.15126,-54.55754],[-66.11101,-54.56453],[-66.04266,-54.57984],[-66.03111,-54.58683],[-65.97731,-54.59847],[-65.95061,-54.60846],[-65.90558,-54.61611],[-65.90498,-54.6231],[-65.85915,-54.6394],[-65.8444,-54.6394],[-65.80575,-54.65138],[-65.76849,-54.64905],[-65.75115,-54.65538],[-65.72704,-54.65604],[-65.6842,-54.66336],[-65.59493,-54.65671],[-65.56226,-54.65105],[-65.52679,-54.66203],[-65.51125,-54.65571],[-65.47777,-54.65604],[-65.44868,-54.64473],[-65.43772,-54.66303],[-65.42616,-54.66237],[-65.42078,-54.64506],[-65.39907,-54.64007],[-65.37057,-54.6434],[-65.32215,-54.63674],[-65.29386,-54.62809],[-65.24185,-54.6201],[-65.24883,-54.64772],[-65.21296,-54.64173],[-65.20718,-54.64706],[-65.12887,-54.65138],[-65.1205,-54.6617],[-65.1765,-54.68133],[-65.19802,-54.70429],[-65.19164,-54.71994],[-65.201,-54.73724],[-65.21834,-54.74556],[-65.20061,-54.7632],[-65.20379,-54.78017],[-65.24624,-54.79348],[-65.26357,-54.80479],[-65.22691,-54.8181],[-65.24026,-54.83408],[-65.25441,-54.83507],[-65.28031,-54.85338],[-65.27931,-54.86203],[-65.31199,-54.87234],[-65.31717,-54.88632],[-65.31279,-54.90329],[-65.32215,-54.91494],[-65.37775,-54.9369],[-65.40743,-54.9409],[-65.42377,-54.92226],[-65.42856,-54.89764],[-65.43971,-54.88998],[-65.48255,-54.89098],[-65.49949,-54.90163],[-65.4965,-54.92892],[-65.5248,-54.9379],[-65.55887,-54.93757],[-65.60729,-54.94522],[-65.6306,-54.95787],[-65.63678,-54.97018],[-65.71608,-54.96885],[-65.70811,-54.94988],[-65.72923,-54.92659],[-65.73521,-54.91128],[-65.75932,-54.91427],[-65.78861,-54.90363],[-65.80495,-54.91427],[-65.84062,-54.90462],[-65.89183,-54.9003],[-65.91514,-54.91194],[-65.94164,-54.90429],[-65.98528,-54.90329],[-65.99345,-54.9206],[-65.97013,-54.92925],[-65.95818,-54.9409],[-65.97093,-54.96219],[-66.04047,-54.98349],[-66.07016,-54.98649],[-66.10543,-54.99447],[-66.1397,-54.9948],[-66.18095,-54.99048],[-66.1947,-54.9978],[-66.24511,-54.99614],[-66.29632,-54.99081],[-66.33418,-54.99647],[-66.36944,-55.00911],[-66.36227,-55.03407],[-66.40451,-55.04239],[-66.45413,-55.0577],[-66.50454,-55.05171],[-66.52168,-55.0567],[-66.6237,-55.02908],[-66.6488,-55.02808],[-66.66016,-55.0191],[-66.70559,-55.00545],[-66.73548,-54.98615],[-66.73707,-54.97983],[-66.76457,-54.96086],[-66.81737,-54.95454],[-66.86559,-54.94256],[-66.92517,-54.94256],[-67.00149,-54.92392],[-67.02719,-54.92359],[-67.10111,-54.90962],[-67.1057,-54.90462],[-67.15392,-54.89298],[-67.20812,-54.89298],[-67.26092,-54.88532],[-67.28583,-54.87833],[-67.31193,-54.88],[-67.33584,-54.87534],[-67.39342,-54.88965],[-67.41833,-54.881],[-67.44085,-54.88133],[-67.44224,-54.87002],[-67.48329,-54.86635],[-67.49664,-54.85737],[-67.5351,-54.86769],[-67.57853,-54.87234],[-67.60543,-54.88133],[-67.68872,-54.88699],[-67.7224,-54.87933],[-67.76006,-54.87967],[-67.81166,-54.86669],[-67.82262,-54.86036],[-67.85171,-54.8587],[-67.90352,-54.86036],[-67.95652,-54.85205],[-67.9904,-54.85604],[-68.01351,-54.84872],[-68.03324,-54.85005],[-68.05396,-54.83873],[-68.10517,-54.82675],[-68.20121,-54.81644],[-68.23349,-54.7988],[-68.26358,-54.79514],[-68.31419,-54.81045],[-68.29885,-54.81577],[-68.29805,-54.83507],[-68.26537,-54.83507],[-68.26059,-54.84073],[-68.3104,-54.84905],[-68.32814,-54.83008],[-68.37257,-54.84173],[-68.38811,-54.85171],[-68.4453,-54.85837],[-68.48535,-54.84672],[-68.50249,-54.85404],[-68.56804,-54.85071],[-68.55569,-54.86269],[-68.52062,-54.87168],[-68.53198,-54.87967],[-68.55409,-54.881],[-68.56784,-54.89098],[-68.60929,-54.89264],[-68.59634,-54.87301],[-68.59514,-54.79947],[-68.6055,-54.5825],[-68.60769,-54.55455],[-68.60889,-54.4241],[-68.60789,-54.1885],[-68.60769,-54.01013],[-68.6071,-53.84741],[-68.6065,-53.65806],[-68.6071,-53.55989],[-68.6065,-53.35424],[-68.6065,-53.18785],[-68.6067,-52.9852],[-68.6067,-52.65908],[-68.56485,-52.705],[-68.53775,-52.73162],[-68.46841,-52.79252],[-68.4453,-52.81548],[-68.38333,-52.87006],[-68.34408,-52.90134],[-68.28769,-52.95159],[-68.26278,-53.00084],[-68.24644,-53.05707],[-68.26876,-53.04243],[-68.26577,-53.02047],[-68.2853,-53.00849],[-68.32834,-53.01781],[-68.35962,-53.01781],[-68.41222,-53.04909],[-68.41681,-53.0594],[-68.44769,-53.08004],[-68.46602,-53.09934],[-68.49133,-53.10133],[-68.49531,-53.11564],[-68.53855,-53.14592],[-68.53477,-53.15325],[-68.5511,-53.17621],[-68.55609,-53.21215],[-68.54851,-53.24742],[-68.47778,-53.28669],[-68.45446,-53.29734],[-68.42776,-53.29833],[-68.38712,-53.31198],[-68.37337,-53.30932],[-68.30781,-53.3213],[-68.20659,-53.30665],[-68.13705,-53.33128],[-68.10756,-53.35657],[-68.07887,-53.39783],[-68.06611,-53.45574],[-68.0442,-53.50798],[-68.03065,-53.53294],[-68.00175,-53.57221],[-67.93739,-53.63377],[-67.90531,-53.6564],[-67.84235,-53.68901],[-67.82621,-53.70498],[-67.79612,-53.71763],[-67.77819,-53.73127],[-67.73774,-53.74691],[-67.70845,-53.76621],[-67.68155,-53.79916],[-67.6676,-53.7935],[-67.6421,-53.80748],[-67.5863,-53.83044],[-67.55383,-53.83709],[-67.57754,-53.85673],[-67.57335,-53.88801],[-67.55402,-53.91263],[-67.53529,-53.92727],[-67.508,-53.93959],[-67.49166,-53.94191],[-67.47213,-53.95423],[-67.44563,-53.97919],[-67.41813,-53.99083],[-67.38645,-53.99749],[-67.34241,-54.01479],[-67.34381,-54.02677],[-67.3181,-54.04807],[-67.28363,-54.06304],[-67.24896,-54.08201],[-67.16328,-54.11229],[-67.12662,-54.1296],[-67.08139,-54.13193],[-67.07143,-54.14058],[-67.01344,-54.15722],[-66.96781,-54.17652],[-66.94908,-54.1885]]]]}}]}